Penicillin_MIC,MIC_Normalized,Log_MIC,Log_MIC_Normalized,Index,Sample
0.06,-1.028713879,-4.058893689,-1.572813399,1,6710_6#18
0.5,-0.099635163,-1,0.347362777,3,6710_6#1
0.5,-0.099635163,-1,0.347362777,4,6710_6#20
0.5,-0.099635163,-1,0.347362777,7,6710_6#23
0.5,-0.099635163,-1,0.347362777,8,6710_6#24
0.5,-0.099635163,-1,0.347362777,9,6710_6#2
0.03,-1.092060155,-5.058893689,-2.200548904,11,6710_6#3
0.5,-0.099635163,-1,0.347362777,12,6710_6#4
0.06,-1.028713879,-4.058893689,-1.572813399,13,6710_6#6
1,0.956136106,0,0.975098282,17,6710_7#10
0.12,-0.902021327,-3.058893689,-0.945077893,18,6710_7#11
0.12,-0.902021327,-3.058893689,-0.945077893,20,6259_8#4
0.01,-1.134291006,-6.64385619,-3.195486141,23,6710_7#15
0.06,-1.028713879,-4.058893689,-1.572813399,27,6710_7#19
0.5,-0.099635163,-1,0.347362777,28,6710_7#1
0.5,-0.099635163,-1,0.347362777,29,6710_7#20
0.25,-0.627520797,-2,-0.280372728,31,6259_8#5
1,0.956136106,0,0.975098282,32,6710_7#22
0.5,-0.099635163,-1,0.347362777,34,6710_7#24
1,0.956136106,0,0.975098282,36,6710_7#4
0.5,-0.099635163,-1,0.347362777,38,6710_7#6
0.5,-0.099635163,-1,0.347362777,40,6710_7#8
0.5,-0.099635163,-1,0.347362777,42,6710_7#9
0.5,-0.099635163,-1,0.347362777,44,6710_8#11
0.06,-1.028713879,-4.058893689,-1.572813399,45,6710_8#12
0.06,-1.028713879,-4.058893689,-1.572813399,46,6710_8#13
0.06,-1.028713879,-4.058893689,-1.572813399,48,6710_8#15
0.5,-0.099635163,-1,0.347362777,49,6710_8#16
0.06,-1.028713879,-4.058893689,-1.572813399,50,6710_8#17
0.25,-0.627520797,-2,-0.280372728,52,6259_8#7
0.25,-0.627520797,-2,-0.280372728,56,6710_8#21
0.12,-0.902021327,-3.058893689,-0.945077893,57,6710_8#22
0.12,-0.902021327,-3.058893689,-0.945077893,60,6710_8#2
0.5,-0.099635163,-1,0.347362777,63,6710_8#5
0.12,-0.902021327,-3.058893689,-0.945077893,65,6710_8#7
0.5,-0.099635163,-1,0.347362777,67,6710_8#9
0.5,-0.099635163,-1,0.347362777,69,6731_3#11
0.5,-0.099635163,-1,0.347362777,70,6731_3#12
2,3.067678643,1,1.602833788,72,6731_3#14
0.12,-0.902021327,-3.058893689,-0.945077893,73,6259_8#9
0.12,-0.902021327,-3.058893689,-0.945077893,75,6731_3#16
0.5,-0.099635163,-1,0.347362777,78,6731_3#19
0.06,-1.028713879,-4.058893689,-1.572813399,82,6731_3#22
0.5,-0.099635163,-1,0.347362777,85,6731_3#24
1,0.956136106,0,0.975098282,87,6731_3#3
0.5,-0.099635163,-1,0.347362777,89,6731_3#5
1,0.956136106,0,0.975098282,90,6731_3#6
1,0.956136106,0,0.975098282,91,6731_3#7
0.03,-1.092060155,-5.058893689,-2.200548904,96,6736_4#11
0.01,-1.134291006,-6.64385619,-3.195486141,97,6736_4#12
1,0.956136106,0,0.975098282,99,6736_4#14
0.25,-0.627520797,-2,-0.280372728,100,6736_4#15
1,0.956136106,0,0.975098282,101,6736_4#16
0.12,-0.902021327,-3.058893689,-0.945077893,103,6736_4#18
0.5,-0.099635163,-1,0.347362777,105,6736_4#1
0.25,-0.627520797,-2,-0.280372728,106,6593_4#12
0.03,-1.092060155,-5.058893689,-2.200548904,108,6736_4#21
0.06,-1.028713879,-4.058893689,-1.572813399,109,6736_4#22
0.06,-1.028713879,-4.058893689,-1.572813399,119,6736_4#8
0.12,-0.902021327,-3.058893689,-0.945077893,121,6736_5#10
0.5,-0.099635163,-1,0.347362777,125,6736_5#14
0.5,-0.099635163,-1,0.347362777,131,6736_5#1
0.5,-0.099635163,-1,0.347362777,137,6736_5#2
2,3.067678643,1,1.602833788,140,6736_5#4
0.5,-0.099635163,-1,0.347362777,142,6736_5#6
0.5,-0.099635163,-1,0.347362777,146,6736_6#10
0.12,-0.902021327,-3.058893689,-0.945077893,147,6736_6#11
1,0.956136106,0,0.975098282,151,6736_6#14
0.01,-1.134291006,-6.64385619,-3.195486141,152,6736_6#15
0.5,-0.099635163,-1,0.347362777,153,6736_6#16
0.5,-0.099635163,-1,0.347362777,154,6736_6#17
0.25,-0.627520797,-2,-0.280372728,156,6736_6#19
0.12,-0.902021327,-3.058893689,-0.945077893,157,6736_6#1
1,0.956136106,0,0.975098282,159,6736_6#21
1,0.956136106,0,0.975098282,161,6736_6#22
0.06,-1.028713879,-4.058893689,-1.572813399,162,6736_6#23
0.5,-0.099635163,-1,0.347362777,163,6736_6#24
0.5,-0.099635163,-1,0.347362777,164,6736_6#2
1,0.956136106,0,0.975098282,166,6736_6#4
0.01,-1.134291006,-6.64385619,-3.195486141,169,6736_6#7
0.25,-0.627520797,-2,-0.280372728,171,6593_4#18
0.5,-0.099635163,-1,0.347362777,172,6736_6#9
0.5,-0.099635163,-1,0.347362777,173,6736_7#10
0.03,-1.092060155,-5.058893689,-2.200548904,174,6736_7#11
0.25,-0.627520797,-2,-0.280372728,175,6736_7#12
0.5,-0.099635163,-1,0.347362777,176,6736_7#13
0.06,-1.028713879,-4.058893689,-1.572813399,178,6736_7#15
0.5,-0.099635163,-1,0.347362777,179,6736_7#16
0.06,-1.028713879,-4.058893689,-1.572813399,181,6736_7#18
0.01,-1.134291006,-6.64385619,-3.195486141,183,6736_7#19
0.5,-0.099635163,-1,0.347362777,184,6736_7#1
0.5,-0.099635163,-1,0.347362777,187,6736_7#22
0.5,-0.099635163,-1,0.347362777,189,6736_7#24
0.25,-0.627520797,-2,-0.280372728,190,6736_7#2
0.03,-1.092060155,-5.058893689,-2.200548904,193,6593_4#1
0.5,-0.099635163,-1,0.347362777,194,6736_7#5
0.5,-0.099635163,-1,0.347362777,195,6736_7#6
0.5,-0.099635163,-1,0.347362777,196,6736_7#7
0.01,-1.134291006,-6.64385619,-3.195486141,197,6736_7#8
0.5,-0.099635163,-1,0.347362777,198,6736_7#9
0.06,-1.028713879,-4.058893689,-1.572813399,199,6736_8#10
0.03,-1.092060155,-5.058893689,-2.200548904,202,6736_8#13
1,0.956136106,0,0.975098282,203,6736_8#14
0.06,-1.028713879,-4.058893689,-1.572813399,204,6593_4#20
0.12,-0.902021327,-3.058893689,-0.945077893,205,6736_8#15
0.12,-0.902021327,-3.058893689,-0.945077893,210,6736_8#1
0.12,-0.902021327,-3.058893689,-0.945077893,212,6736_8#21
0.5,-0.099635163,-1,0.347362777,213,6736_8#22
0.12,-0.902021327,-3.058893689,-0.945077893,217,6736_8#24
0.25,-0.627520797,-2,-0.280372728,218,6736_8#2
0.06,-1.028713879,-4.058893689,-1.572813399,223,6736_8#7
1,0.956136106,0,0.975098282,224,6736_8#8
1,0.956136106,0,0.975098282,225,6736_8#9
0.25,-0.627520797,-2,-0.280372728,226,6753_1#10
0.03,-1.092060155,-5.058893689,-2.200548904,227,6593_4#22
0.5,-0.099635163,-1,0.347362777,234,6753_1#17
0.5,-0.099635163,-1,0.347362777,239,6753_1#20
0.25,-0.627520797,-2,-0.280372728,243,6753_1#24
0.5,-0.099635163,-1,0.347362777,244,6753_1#2
0.25,-0.627520797,-2,-0.280372728,245,6753_1#3
0.5,-0.099635163,-1,0.347362777,247,6753_1#5
0.5,-0.099635163,-1,0.347362777,251,6753_1#8
0.5,-0.099635163,-1,0.347362777,252,6753_1#9
0.06,-1.028713879,-4.058893689,-1.572813399,255,6753_2#12
0.03,-1.092060155,-5.058893689,-2.200548904,259,6753_2#16
0.5,-0.099635163,-1,0.347362777,261,6753_2#17
0.5,-0.099635163,-1,0.347362777,263,6753_2#19
0.25,-0.627520797,-2,-0.280372728,267,6753_2#22
0.25,-0.627520797,-2,-0.280372728,268,6753_2#23
0.03,-1.092060155,-5.058893689,-2.200548904,270,6753_2#3
0.5,-0.099635163,-1,0.347362777,271,6593_4#3
0.5,-0.099635163,-1,0.347362777,272,6753_2#4
1,0.956136106,0,0.975098282,274,6753_2#6
0.5,-0.099635163,-1,0.347362777,276,6753_2#8
0.5,-0.099635163,-1,0.347362777,278,6753_3#10
1,0.956136106,0,0.975098282,282,6593_4#4
1,0.956136106,0,0.975098282,285,6753_3#16
0.5,-0.099635163,-1,0.347362777,288,6753_3#19
0.5,-0.099635163,-1,0.347362777,289,6753_3#1
1,0.956136106,0,0.975098282,295,6753_3#24
0.5,-0.099635163,-1,0.347362777,297,6753_3#3
0.5,-0.099635163,-1,0.347362777,298,6753_3#4
0.5,-0.099635163,-1,0.347362777,299,6753_3#5
0.5,-0.099635163,-1,0.347362777,300,6753_3#6
0.25,-0.627520797,-2,-0.280372728,301,6753_3#7
0.12,-0.902021327,-3.058893689,-0.945077893,305,6753_4#10
0.25,-0.627520797,-2,-0.280372728,306,6753_4#11
0.25,-0.627520797,-2,-0.280372728,307,6753_4#12
0.5,-0.099635163,-1,0.347362777,309,6753_4#14
0.12,-0.902021327,-3.058893689,-0.945077893,313,6753_4#18
0.25,-0.627520797,-2,-0.280372728,314,6753_4#19
0.5,-0.099635163,-1,0.347362777,315,6593_4#7
0.06,-1.028713879,-4.058893689,-1.572813399,317,6753_4#20
0.06,-1.028713879,-4.058893689,-1.572813399,318,6753_4#21
0.5,-0.099635163,-1,0.347362777,319,6753_4#22
0.06,-1.028713879,-4.058893689,-1.572813399,320,6753_4#23
0.5,-0.099635163,-1,0.347362777,321,6753_4#24
2,3.067678643,1,1.602833788,324,6753_4#4
1,0.956136106,0,0.975098282,328,6753_4#7
0.12,-0.902021327,-3.058893689,-0.945077893,329,6753_4#8
0.12,-0.902021327,-3.058893689,-0.945077893,331,6755_1#10
0.5,-0.099635163,-1,0.347362777,335,6593_4#9
0.06,-1.028713879,-4.058893689,-1.572813399,336,6755_1#17
0.12,-0.902021327,-3.058893689,-0.945077893,337,6755_1#18
0.06,-1.028713879,-4.058893689,-1.572813399,339,6755_1#3
0.5,-0.099635163,-1,0.347362777,340,6755_1#4
1,0.956136106,0,0.975098282,347,6755_2#11
2,3.067678643,1,1.602833788,348,6593_5#11
0.5,-0.099635163,-1,0.347362777,350,6755_2#13
0.5,-0.099635163,-1,0.347362777,352,6755_2#15
0.06,-1.028713879,-4.058893689,-1.572813399,354,6755_2#17
0.03,-1.092060155,-5.058893689,-2.200548904,356,6755_2#19
1,0.956136106,0,0.975098282,363,6755_2#24
0.25,-0.627520797,-2,-0.280372728,364,6755_2#2
0.5,-0.099635163,-1,0.347362777,367,6755_2#5
1,0.956136106,0,0.975098282,373,6755_3#10
1,0.956136106,0,0.975098282,374,6755_3#11
0.5,-0.099635163,-1,0.347362777,376,6755_3#13
0.5,-0.099635163,-1,0.347362777,377,6755_3#14
1,0.956136106,0,0.975098282,379,6755_3#16
1,0.956136106,0,0.975098282,380,6755_3#17
0.12,-0.902021327,-3.058893689,-0.945077893,381,6593_5#14
1,0.956136106,0,0.975098282,383,6755_3#19
0.5,-0.099635163,-1,0.347362777,385,6755_3#20
0.5,-0.099635163,-1,0.347362777,386,6755_3#22
2,3.067678643,1,1.602833788,387,6755_3#23
0.5,-0.099635163,-1,0.347362777,388,6755_3#24
0.5,-0.099635163,-1,0.347362777,389,6755_3#2
0.06,-1.028713879,-4.058893689,-1.572813399,390,6755_3#3
0.5,-0.099635163,-1,0.347362777,391,6593_5#15
0.5,-0.099635163,-1,0.347362777,392,6755_3#4
2,3.067678643,1,1.602833788,395,6755_3#8
1,0.956136106,0,0.975098282,396,6755_3#9
0.06,-1.028713879,-4.058893689,-1.572813399,397,6755_4#10
0.5,-0.099635163,-1,0.347362777,398,6755_4#11
1,0.956136106,0,0.975098282,401,6593_5#16
0.5,-0.099635163,-1,0.347362777,403,6755_4#16
1,0.956136106,0,0.975098282,405,6755_4#18
0.5,-0.099635163,-1,0.347362777,406,6755_4#19
0.03,-1.092060155,-5.058893689,-2.200548904,407,6755_4#1
0.5,-0.099635163,-1,0.347362777,408,6755_4#21
0.5,-0.099635163,-1,0.347362777,409,6755_4#22
0.06,-1.028713879,-4.058893689,-1.572813399,410,6593_5#17
1,0.956136106,0,0.975098282,411,6755_4#23
0.06,-1.028713879,-4.058893689,-1.572813399,412,6755_4#24
0.25,-0.627520797,-2,-0.280372728,413,6755_4#2
0.25,-0.627520797,-2,-0.280372728,414,6755_4#3
1,0.956136106,0,0.975098282,415,6755_4#4
0.06,-1.028713879,-4.058893689,-1.572813399,416,6755_4#5
0.12,-0.902021327,-3.058893689,-0.945077893,418,6755_4#7
1,0.956136106,0,0.975098282,419,6755_4#8
0.5,-0.099635163,-1,0.347362777,421,6593_5#18
0.5,-0.099635163,-1,0.347362777,423,6755_5#10
0.25,-0.627520797,-2,-0.280372728,427,6755_5#14
0.03,-1.092060155,-5.058893689,-2.200548904,428,6755_5#15
0.25,-0.627520797,-2,-0.280372728,429,6755_5#16
0.06,-1.028713879,-4.058893689,-1.572813399,430,6755_5#17
1,0.956136106,0,0.975098282,434,6755_5#1
0.03,-1.092060155,-5.058893689,-2.200548904,436,6755_5#21
0.06,-1.028713879,-4.058893689,-1.572813399,439,6755_5#24
1,0.956136106,0,0.975098282,441,6755_5#3
0.5,-0.099635163,-1,0.347362777,444,6593_5#1
0.06,-1.028713879,-4.058893689,-1.572813399,448,6755_5#9
0.5,-0.099635163,-1,0.347362777,449,6755_6#10
1,0.956136106,0,0.975098282,452,6755_6#13
0.06,-1.028713879,-4.058893689,-1.572813399,453,6755_6#14
0.5,-0.099635163,-1,0.347362777,454,6755_6#15
1,0.956136106,0,0.975098282,458,6755_6#19
0.5,-0.099635163,-1,0.347362777,459,6755_6#1
0.5,-0.099635163,-1,0.347362777,461,6755_6#21
0.25,-0.627520797,-2,-0.280372728,466,6755_6#3
0.06,-1.028713879,-4.058893689,-1.572813399,468,6755_6#5
1,0.956136106,0,0.975098282,470,6755_6#8
1,0.956136106,0,0.975098282,471,6755_6#9
0.12,-0.902021327,-3.058893689,-0.945077893,472,6775_2#10
0.5,-0.099635163,-1,0.347362777,473,6775_2#11
1,0.956136106,0,0.975098282,474,6775_2#12
0.5,-0.099635163,-1,0.347362777,476,6775_2#13
0.5,-0.099635163,-1,0.347362777,477,6775_2#14
1,0.956136106,0,0.975098282,478,6775_2#15
0.5,-0.099635163,-1,0.347362777,479,6775_2#16
1,0.956136106,0,0.975098282,480,6775_2#17
1,0.956136106,0,0.975098282,481,6775_2#18
0.5,-0.099635163,-1,0.347362777,482,6775_2#19
0.03,-1.092060155,-5.058893689,-2.200548904,483,6775_2#1
0.12,-0.902021327,-3.058893689,-0.945077893,484,6775_2#20
0.06,-1.028713879,-4.058893689,-1.572813399,485,6775_2#21
0.12,-0.902021327,-3.058893689,-0.945077893,486,6593_5#23
0.5,-0.099635163,-1,0.347362777,488,6775_2#23
1,0.956136106,0,0.975098282,489,6775_2#24
0.03,-1.092060155,-5.058893689,-2.200548904,490,6775_2#2
0.25,-0.627520797,-2,-0.280372728,491,6775_2#3
1,0.956136106,0,0.975098282,492,6775_2#4
0.5,-0.099635163,-1,0.347362777,493,6775_2#5
0.03,-1.092060155,-5.058893689,-2.200548904,494,6775_2#6
0.12,-0.902021327,-3.058893689,-0.945077893,496,6775_2#8
0.5,-0.099635163,-1,0.347362777,499,6775_1#10
0.25,-0.627520797,-2,-0.280372728,500,6775_1#11
0.25,-0.627520797,-2,-0.280372728,501,6775_1#12
1,0.956136106,0,0.975098282,502,6775_1#13
1,0.956136106,0,0.975098282,503,6775_1#14
0.06,-1.028713879,-4.058893689,-1.572813399,504,6775_1#15
1,0.956136106,0,0.975098282,508,6593_5#2
0.5,-0.099635163,-1,0.347362777,510,6775_1#1
0.06,-1.028713879,-4.058893689,-1.572813399,511,6775_1#20
0.25,-0.627520797,-2,-0.280372728,512,6775_1#21
0.5,-0.099635163,-1,0.347362777,513,6775_1#22
0.5,-0.099635163,-1,0.347362777,514,6775_1#23
0.06,-1.028713879,-4.058893689,-1.572813399,515,6775_1#24
0.25,-0.627520797,-2,-0.280372728,516,6775_1#2
1,0.956136106,0,0.975098282,517,6775_1#3
0.5,-0.099635163,-1,0.347362777,518,6775_1#4
0.5,-0.099635163,-1,0.347362777,520,6775_1#5
0.5,-0.099635163,-1,0.347362777,522,6775_1#7
0.5,-0.099635163,-1,0.347362777,523,6775_1#8
0.06,-1.028713879,-4.058893689,-1.572813399,524,6775_1#9
0.25,-0.627520797,-2,-0.280372728,525,6805_2#10
0.25,-0.627520797,-2,-0.280372728,527,6805_2#12
0.5,-0.099635163,-1,0.347362777,528,6805_2#13
1,0.956136106,0,0.975098282,530,6593_5#4
0.12,-0.902021327,-3.058893689,-0.945077893,531,6259_5#13
0.5,-0.099635163,-1,0.347362777,534,6805_2#17
0.12,-0.902021327,-3.058893689,-0.945077893,537,6805_2#1
0.5,-0.099635163,-1,0.347362777,538,6805_2#20
1,0.956136106,0,0.975098282,541,6805_2#23
0.5,-0.099635163,-1,0.347362777,542,6593_5#5
0.5,-0.099635163,-1,0.347362777,544,6805_2#2
0.12,-0.902021327,-3.058893689,-0.945077893,546,6805_2#4
0.5,-0.099635163,-1,0.347362777,549,6805_2#7
0.5,-0.099635163,-1,0.347362777,552,6805_3#10
2,3.067678643,1,1.602833788,553,6593_5#6
0.5,-0.099635163,-1,0.347362777,554,6805_3#11
0.25,-0.627520797,-2,-0.280372728,555,6805_3#12
0.5,-0.099635163,-1,0.347362777,556,6805_3#13
0.25,-0.627520797,-2,-0.280372728,561,6805_3#18
0.25,-0.627520797,-2,-0.280372728,562,6805_3#19
0.5,-0.099635163,-1,0.347362777,565,6805_3#20
0.5,-0.099635163,-1,0.347362777,568,6805_3#23
1,0.956136106,0,0.975098282,573,6805_3#5
1,0.956136106,0,0.975098282,574,6805_3#6
0.5,-0.099635163,-1,0.347362777,576,6805_3#7
0.5,-0.099635163,-1,0.347362777,577,6805_3#8
0.5,-0.099635163,-1,0.347362777,579,6805_4#10
2,3.067678643,1,1.602833788,581,6805_4#12
0.5,-0.099635163,-1,0.347362777,582,6805_4#13
0.12,-0.902021327,-3.058893689,-0.945077893,583,6805_4#14
0.5,-0.099635163,-1,0.347362777,584,6805_4#15
0.06,-1.028713879,-4.058893689,-1.572813399,587,6805_4#17
0.25,-0.627520797,-2,-0.280372728,588,6805_4#18
0.5,-0.099635163,-1,0.347362777,589,6805_4#19
1,0.956136106,0,0.975098282,590,6805_4#1
0.5,-0.099635163,-1,0.347362777,591,6805_4#20
1,0.956136106,0,0.975098282,593,6805_4#23
0.12,-0.902021327,-3.058893689,-0.945077893,594,6805_4#2
0.5,-0.099635163,-1,0.347362777,596,6805_4#4
0.06,-1.028713879,-4.058893689,-1.572813399,597,6630_1#11
0.25,-0.627520797,-2,-0.280372728,598,6805_4#6
0.5,-0.099635163,-1,0.347362777,599,6805_4#8
0.5,-0.099635163,-1,0.347362777,600,6805_4#9
0.5,-0.099635163,-1,0.347362777,602,6805_5#11
0.5,-0.099635163,-1,0.347362777,604,6805_5#14
0.5,-0.099635163,-1,0.347362777,605,6805_5#16
0.5,-0.099635163,-1,0.347362777,608,6805_5#19
0.06,-1.028713879,-4.058893689,-1.572813399,617,6630_1#13
0.25,-0.627520797,-2,-0.280372728,619,6805_5#6
1,0.956136106,0,0.975098282,620,6805_5#7
0.5,-0.099635163,-1,0.347362777,622,6805_5#9
1,0.956136106,0,0.975098282,624,6805_6#11
2,3.067678643,1,1.602833788,626,6805_6#13
0.5,-0.099635163,-1,0.347362777,627,6805_6#14
0.25,-0.627520797,-2,-0.280372728,628,6630_1#14
0.25,-0.627520797,-2,-0.280372728,630,6805_6#16
1,0.956136106,0,0.975098282,631,6805_6#17
0.12,-0.902021327,-3.058893689,-0.945077893,632,6805_6#18
0.5,-0.099635163,-1,0.347362777,633,6805_6#19
0.25,-0.627520797,-2,-0.280372728,637,6805_6#23
0.06,-1.028713879,-4.058893689,-1.572813399,639,6630_1#15
0.5,-0.099635163,-1,0.347362777,642,6805_6#3
0.5,-0.099635163,-1,0.347362777,643,6805_6#4
0.25,-0.627520797,-2,-0.280372728,645,6805_6#6
2,3.067678643,1,1.602833788,647,6805_6#9
1,0.956136106,0,0.975098282,648,6805_7#10
0.12,-0.902021327,-3.058893689,-0.945077893,650,6630_1#16
0.12,-0.902021327,-3.058893689,-0.945077893,653,6805_7#14
0.5,-0.099635163,-1,0.347362777,655,6805_7#16
0.25,-0.627520797,-2,-0.280372728,661,6630_1#17
0.5,-0.099635163,-1,0.347362777,664,6805_7#23
0.06,-1.028713879,-4.058893689,-1.572813399,668,6805_7#5
0.06,-1.028713879,-4.058893689,-1.572813399,669,6805_7#6
1,0.956136106,0,0.975098282,670,6805_7#7
0.5,-0.099635163,-1,0.347362777,676,6807_1#13
1,0.956136106,0,0.975098282,677,6807_1#14
0.5,-0.099635163,-1,0.347362777,678,6807_1#15
0.25,-0.627520797,-2,-0.280372728,681,6807_1#18
0.06,-1.028713879,-4.058893689,-1.572813399,682,6630_1#19
1,0.956136106,0,0.975098282,683,6807_1#19
1,0.956136106,0,0.975098282,684,6807_1#1
1,0.956136106,0,0.975098282,687,6807_1#22
0.03,-1.092060155,-5.058893689,-2.200548904,689,6807_1#2
0.12,-0.902021327,-3.058893689,-0.945077893,695,6807_1#7
0.5,-0.099635163,-1,0.347362777,696,6807_1#8
0.5,-0.099635163,-1,0.347362777,698,6807_2#10
1,0.956136106,0,0.975098282,702,6807_2#14
0.25,-0.627520797,-2,-0.280372728,703,6630_1#20
0.25,-0.627520797,-2,-0.280372728,704,6807_2#15
0.5,-0.099635163,-1,0.347362777,705,6807_2#16
0.5,-0.099635163,-1,0.347362777,706,6807_2#17
1,0.956136106,0,0.975098282,707,6807_2#18
0.5,-0.099635163,-1,0.347362777,709,6807_2#2
0.5,-0.099635163,-1,0.347362777,710,6807_2#3
0.5,-0.099635163,-1,0.347362777,713,6807_2#6
1,0.956136106,0,0.975098282,714,6807_2#7
0.12,-0.902021327,-3.058893689,-0.945077893,719,6807_3#12
0.12,-0.902021327,-3.058893689,-0.945077893,724,6807_3#18
0.5,-0.099635163,-1,0.347362777,725,6807_3#19
0.5,-0.099635163,-1,0.347362777,726,6807_3#1
0.5,-0.099635163,-1,0.347362777,729,6807_3#21
0.5,-0.099635163,-1,0.347362777,730,6807_3#22
0.25,-0.627520797,-2,-0.280372728,733,6807_3#3
1,0.956136106,0,0.975098282,734,6807_3#4
0.5,-0.099635163,-1,0.347362777,737,6807_3#7
0.03,-1.092060155,-5.058893689,-2.200548904,738,6630_1#24
1,0.956136106,0,0.975098282,740,6807_3#8
0.25,-0.627520797,-2,-0.280372728,743,6830_3#11
0.25,-0.627520797,-2,-0.280372728,746,6830_3#13
0.06,-1.028713879,-4.058893689,-1.572813399,747,6630_1#2
0.5,-0.099635163,-1,0.347362777,749,6830_3#20
1,0.956136106,0,0.975098282,751,6830_3#2
0.5,-0.099635163,-1,0.347362777,752,6830_3#22
0.5,-0.099635163,-1,0.347362777,758,6830_3#5
0.5,-0.099635163,-1,0.347362777,759,6830_3#6
0.12,-0.902021327,-3.058893689,-0.945077893,763,6840_1#10
0.25,-0.627520797,-2,-0.280372728,764,6840_1#11
0.12,-0.902021327,-3.058893689,-0.945077893,765,6840_1#1
1,0.956136106,0,0.975098282,766,6840_1#12
0.5,-0.099635163,-1,0.347362777,767,6630_1#4
1,0.956136106,0,0.975098282,768,6840_1#13
0.5,-0.099635163,-1,0.347362777,770,6840_1#15
1,0.956136106,0,0.975098282,771,6840_1#16
1,0.956136106,0,0.975098282,775,6840_1#20
2,3.067678643,1,1.602833788,777,6840_1#2
0.5,-0.099635163,-1,0.347362777,779,6840_1#22
0.5,-0.099635163,-1,0.347362777,780,6840_1#23
0.5,-0.099635163,-1,0.347362777,781,6840_1#24
1,0.956136106,0,0.975098282,782,6840_1#3
0.5,-0.099635163,-1,0.347362777,784,6840_1#5
0.25,-0.627520797,-2,-0.280372728,786,6840_1#7
0.25,-0.627520797,-2,-0.280372728,787,6840_1#8
0.12,-0.902021327,-3.058893689,-0.945077893,789,6630_1#6
1,0.956136106,0,0.975098282,790,6840_3#10
1,0.956136106,0,0.975098282,792,6840_3#1
0.12,-0.902021327,-3.058893689,-0.945077893,793,6840_3#12
4,7.290763717,2,2.230569293,794,6840_3#13
0.25,-0.627520797,-2,-0.280372728,796,6840_3#15
1,0.956136106,0,0.975098282,797,6840_3#16
0.25,-0.627520797,-2,-0.280372728,801,6840_3#19
0.25,-0.627520797,-2,-0.280372728,802,6840_3#20
1,0.956136106,0,0.975098282,804,6840_3#2
1,0.956136106,0,0.975098282,807,6840_3#24
1,0.956136106,0,0.975098282,808,6840_3#3
0.5,-0.099635163,-1,0.347362777,809,6840_3#4
0.25,-0.627520797,-2,-0.280372728,810,6840_3#5
0.12,-0.902021327,-3.058893689,-0.945077893,812,6840_3#6
1,0.956136106,0,0.975098282,813,6840_3#7
1,0.956136106,0,0.975098282,814,6840_3#8
2,3.067678643,1,1.602833788,815,6840_3#9
0.5,-0.099635163,-1,0.347362777,819,6841_7#16
0.25,-0.627520797,-2,-0.280372728,821,6841_7#18
0.06,-1.028713879,-4.058893689,-1.572813399,823,6841_7#20
2,3.067678643,1,1.602833788,824,6841_7#21
0.5,-0.099635163,-1,0.347362777,825,6841_7#2
0.01,-1.134291006,-6.64385619,-3.195486141,826,6841_7#22
0.06,-1.028713879,-4.058893689,-1.572813399,827,6841_7#23
1,0.956136106,0,0.975098282,829,6841_7#24
0.03,-1.092060155,-5.058893689,-2.200548904,830,6841_7#3
0.06,-1.028713879,-4.058893689,-1.572813399,831,6841_7#4
0.5,-0.099635163,-1,0.347362777,832,6841_7#5
0.06,-1.028713879,-4.058893689,-1.572813399,833,6841_7#6
0.12,-0.902021327,-3.058893689,-0.945077893,834,6841_7#7
0.12,-0.902021327,-3.058893689,-0.945077893,836,6841_7#9
2,3.067678643,1,1.602833788,837,6871_1#10
1,0.956136106,0,0.975098282,838,6871_1#11
0.5,-0.099635163,-1,0.347362777,840,6259_5#16
1,0.956136106,0,0.975098282,841,6871_1#1
0.25,-0.627520797,-2,-0.280372728,843,6871_1#13
0.25,-0.627520797,-2,-0.280372728,844,6871_1#14
1,0.956136106,0,0.975098282,846,6871_1#16
0.5,-0.099635163,-1,0.347362777,847,6871_1#17
0.12,-0.902021327,-3.058893689,-0.945077893,848,6871_1#18
0.12,-0.902021327,-3.058893689,-0.945077893,850,6871_1#20
0.06,-1.028713879,-4.058893689,-1.572813399,851,6630_2#12
0.5,-0.099635163,-1,0.347362777,852,6871_1#2
1,0.956136106,0,0.975098282,855,6871_1#24
1,0.956136106,0,0.975098282,856,6871_1#3
0.06,-1.028713879,-4.058893689,-1.572813399,857,6871_1#4
0.12,-0.902021327,-3.058893689,-0.945077893,860,6871_1#7
0.12,-0.902021327,-3.058893689,-0.945077893,861,6630_2#13
1,0.956136106,0,0.975098282,862,6871_1#8
1,0.956136106,0,0.975098282,864,6871_2#10
0.5,-0.099635163,-1,0.347362777,865,6871_2#11
1,0.956136106,0,0.975098282,867,6871_2#13
0.5,-0.099635163,-1,0.347362777,868,6871_2#14
0.03,-1.092060155,-5.058893689,-2.200548904,870,6630_2#14
0.25,-0.627520797,-2,-0.280372728,874,6871_2#2
0.06,-1.028713879,-4.058893689,-1.572813399,876,6630_2#15
0.5,-0.099635163,-1,0.347362777,878,6871_2#5
0.5,-0.099635163,-1,0.347362777,879,6871_2#6
1,0.956136106,0,0.975098282,880,6871_2#7
0.12,-0.902021327,-3.058893689,-0.945077893,881,6871_2#8
0.25,-0.627520797,-2,-0.280372728,882,6871_2#9
1,0.956136106,0,0.975098282,885,6899_4#1
1,0.956136106,0,0.975098282,887,6630_2#16
0.25,-0.627520797,-2,-0.280372728,888,6899_4#13
0.25,-0.627520797,-2,-0.280372728,891,6899_4#16
0.25,-0.627520797,-2,-0.280372728,894,6899_4#20
0.5,-0.099635163,-1,0.347362777,895,6899_4#21
0.06,-1.028713879,-4.058893689,-1.572813399,898,6630_2#17
0.5,-0.099635163,-1,0.347362777,900,6899_4#24
2,3.067678643,1,1.602833788,908,6899_5#10
0.25,-0.627520797,-2,-0.280372728,909,6630_2#18
0.25,-0.627520797,-2,-0.280372728,911,6899_5#1
1,0.956136106,0,0.975098282,912,6899_5#12
1,0.956136106,0,0.975098282,915,6899_5#15
1,0.956136106,0,0.975098282,916,6899_5#16
0.5,-0.099635163,-1,0.347362777,917,6899_5#17
0.5,-0.099635163,-1,0.347362777,918,6899_5#18
0.25,-0.627520797,-2,-0.280372728,919,6899_5#19
2,3.067678643,1,1.602833788,922,6899_5#21
1,0.956136106,0,0.975098282,923,6899_5#2
0.25,-0.627520797,-2,-0.280372728,925,6899_5#23
0.5,-0.099635163,-1,0.347362777,926,6899_5#24
1,0.956136106,0,0.975098282,928,6899_5#4
1,0.956136106,0,0.975098282,932,6899_5#7
0.5,-0.099635163,-1,0.347362777,933,6899_5#8
0.12,-0.902021327,-3.058893689,-0.945077893,938,6899_6#12
1,0.956136106,0,0.975098282,940,6899_6#14
0.25,-0.627520797,-2,-0.280372728,941,6899_6#15
0.5,-0.099635163,-1,0.347362777,942,6630_2#20
0.25,-0.627520797,-2,-0.280372728,944,6899_6#16
0.5,-0.099635163,-1,0.347362777,946,6899_6#18
0.5,-0.099635163,-1,0.347362777,949,6899_6#21
1,0.956136106,0,0.975098282,952,6899_6#24
0.12,-0.902021327,-3.058893689,-0.945077893,953,6899_6#3
0.5,-0.099635163,-1,0.347362777,955,6899_6#4
0.5,-0.099635163,-1,0.347362777,956,6899_6#5
0.06,-1.028713879,-4.058893689,-1.572813399,958,6899_6#7
0.5,-0.099635163,-1,0.347362777,961,6899_7#10
0.25,-0.627520797,-2,-0.280372728,964,6899_7#12
1,0.956136106,0,0.975098282,967,6899_7#14
0.5,-0.099635163,-1,0.347362777,968,6899_7#15
2,3.067678643,1,1.602833788,970,6899_7#17
0.5,-0.099635163,-1,0.347362777,972,6899_7#19
1,0.956136106,0,0.975098282,973,6899_7#20
1,0.956136106,0,0.975098282,974,6899_7#21
0.5,-0.099635163,-1,0.347362777,975,6899_7#2
0.03,-1.092060155,-5.058893689,-2.200548904,976,6630_2#23
0.25,-0.627520797,-2,-0.280372728,977,6899_7#22
1,0.956136106,0,0.975098282,979,6899_7#24
0.5,-0.099635163,-1,0.347362777,980,6899_7#3
0.5,-0.099635163,-1,0.347362777,981,6899_7#4
1,0.956136106,0,0.975098282,982,6899_7#5
0.06,-1.028713879,-4.058893689,-1.572813399,983,6899_7#6
0.5,-0.099635163,-1,0.347362777,984,6899_7#7
1,0.956136106,0,0.975098282,986,6899_7#9
1,0.956136106,0,0.975098282,988,6925_3#10
1,0.956136106,0,0.975098282,989,6925_3#11
1,0.956136106,0,0.975098282,990,6925_3#1
0.12,-0.902021327,-3.058893689,-0.945077893,991,6925_3#13
1,0.956136106,0,0.975098282,993,6925_3#15
0.25,-0.627520797,-2,-0.280372728,996,6925_3#18
0.06,-1.028713879,-4.058893689,-1.572813399,998,6630_2#2
0.25,-0.627520797,-2,-0.280372728,1000,6925_3#21
0.06,-1.028713879,-4.058893689,-1.572813399,1001,6925_3#2
0.25,-0.627520797,-2,-0.280372728,1002,6925_3#22
0.5,-0.099635163,-1,0.347362777,1003,6925_3#23
0.25,-0.627520797,-2,-0.280372728,1004,6925_3#24
0.5,-0.099635163,-1,0.347362777,1005,6925_3#3
0.5,-0.099635163,-1,0.347362777,1006,6925_3#4
0.5,-0.099635163,-1,0.347362777,1008,6925_3#6
1,0.956136106,0,0.975098282,1011,6925_3#8
1,0.956136106,0,0.975098282,1012,6925_3#9
0.12,-0.902021327,-3.058893689,-0.945077893,1013,6925_4#10
0.25,-0.627520797,-2,-0.280372728,1015,6925_4#1
0.06,-1.028713879,-4.058893689,-1.572813399,1016,6925_4#12
1,0.956136106,0,0.975098282,1019,6925_4#16
1,0.956136106,0,0.975098282,1021,6925_4#17
0.5,-0.099635163,-1,0.347362777,1022,6925_4#18
1,0.956136106,0,0.975098282,1023,6925_4#19
1,0.956136106,0,0.975098282,1024,6925_4#20
0.06,-1.028713879,-4.058893689,-1.572813399,1026,6925_4#2
0.5,-0.099635163,-1,0.347362777,1028,6925_4#23
0.03,-1.092060155,-5.058893689,-2.200548904,1033,6925_4#5
1,0.956136106,0,0.975098282,1034,6925_4#6
0.06,-1.028713879,-4.058893689,-1.572813399,1035,6925_4#7
0.5,-0.099635163,-1,0.347362777,1036,6925_4#8
0.5,-0.099635163,-1,0.347362777,1037,6925_4#9
0.25,-0.627520797,-2,-0.280372728,1038,6925_5#10
0.25,-0.627520797,-2,-0.280372728,1039,6925_5#11
0.5,-0.099635163,-1,0.347362777,1040,6925_5#1
0.5,-0.099635163,-1,0.347362777,1041,6925_5#12
1,0.956136106,0,0.975098282,1043,6925_5#13
0.5,-0.099635163,-1,0.347362777,1047,6925_5#18
1,0.956136106,0,0.975098282,1048,6925_5#19
0.12,-0.902021327,-3.058893689,-0.945077893,1049,6925_5#20
0.5,-0.099635163,-1,0.347362777,1051,6925_5#2
0.25,-0.627520797,-2,-0.280372728,1052,6630_2#7
1,0.956136106,0,0.975098282,1055,6925_5#23
0.12,-0.902021327,-3.058893689,-0.945077893,1058,6925_5#4
0.25,-0.627520797,-2,-0.280372728,1061,6925_5#8
0.5,-0.099635163,-1,0.347362777,1064,6925_6#10
0.06,-1.028713879,-4.058893689,-1.572813399,1065,6925_6#11
1,0.956136106,0,0.975098282,1067,6925_6#12
0.5,-0.099635163,-1,0.347362777,1068,6925_6#13
0.5,-0.099635163,-1,0.347362777,1069,6925_6#14
0.06,-1.028713879,-4.058893689,-1.572813399,1073,6925_6#18
0.5,-0.099635163,-1,0.347362777,1081,6925_6#24
1,0.956136106,0,0.975098282,1082,6925_6#3
0.12,-0.902021327,-3.058893689,-0.945077893,1084,6925_6#5
0.5,-0.099635163,-1,0.347362777,1086,6925_6#6
1,0.956136106,0,0.975098282,1087,6925_6#7
0.5,-0.099635163,-1,0.347362777,1088,6925_6#8
0.25,-0.627520797,-2,-0.280372728,1089,6925_6#9
1,0.956136106,0,0.975098282,1090,6925_7#10
0.25,-0.627520797,-2,-0.280372728,1091,6925_7#11
1,0.956136106,0,0.975098282,1095,6925_7#14
0.03,-1.092060155,-5.058893689,-2.200548904,1096,6630_3#11
0.25,-0.627520797,-2,-0.280372728,1097,6925_7#15
1,0.956136106,0,0.975098282,1099,6925_7#17
1,0.956136106,0,0.975098282,1100,6925_7#18
0.12,-0.902021327,-3.058893689,-0.945077893,1101,6925_7#19
1,0.956136106,0,0.975098282,1102,6925_7#20
1,0.956136106,0,0.975098282,1104,6925_7#2
0.25,-0.627520797,-2,-0.280372728,1106,6925_7#23
0.12,-0.902021327,-3.058893689,-0.945077893,1107,6630_3#12
0.5,-0.099635163,-1,0.347362777,1110,6925_7#4
1,0.956136106,0,0.975098282,1111,6925_7#5
0.5,-0.099635163,-1,0.347362777,1114,6925_7#8
1,0.956136106,0,0.975098282,1115,6925_7#9
0.06,-1.028713879,-4.058893689,-1.572813399,1116,6925_8#10
0.06,-1.028713879,-4.058893689,-1.572813399,1117,6925_8#11
0.25,-0.627520797,-2,-0.280372728,1123,6925_8#15
1,0.956136106,0,0.975098282,1125,6925_8#17
0.5,-0.099635163,-1,0.347362777,1126,6925_8#18
0.5,-0.099635163,-1,0.347362777,1128,6925_8#20
0.12,-0.902021327,-3.058893689,-0.945077893,1131,6925_8#2
0.5,-0.099635163,-1,0.347362777,1132,6925_8#22
0.25,-0.627520797,-2,-0.280372728,1135,6925_8#3
1,0.956136106,0,0.975098282,1136,6925_8#4
0.5,-0.099635163,-1,0.347362777,1138,6925_8#6
0.25,-0.627520797,-2,-0.280372728,1139,6925_8#7
1,0.956136106,0,0.975098282,1143,6938_3#20
0.5,-0.099635163,-1,0.347362777,1144,6938_3#21
1,0.956136106,0,0.975098282,1145,6938_3#22
0.25,-0.627520797,-2,-0.280372728,1146,6938_3#23
1,0.956136106,0,0.975098282,1147,6938_3#24
0.06,-1.028713879,-4.058893689,-1.572813399,1152,6938_3#28
0.06,-1.028713879,-4.058893689,-1.572813399,1153,6938_3#29
0.12,-0.902021327,-3.058893689,-0.945077893,1160,6938_3#36
1,0.956136106,0,0.975098282,1161,6938_5#10
0.12,-0.902021327,-3.058893689,-0.945077893,1162,6630_3#17
1,0.956136106,0,0.975098282,1166,6938_5#12
0.25,-0.627520797,-2,-0.280372728,1169,6938_5#15
0.25,-0.627520797,-2,-0.280372728,1170,6938_5#16
0.12,-0.902021327,-3.058893689,-0.945077893,1174,6630_3#18
0.06,-1.028713879,-4.058893689,-1.572813399,1179,6938_6#11
0.12,-0.902021327,-3.058893689,-0.945077893,1181,6938_6#12
1,0.956136106,0,0.975098282,1183,6938_6#14
0.5,-0.099635163,-1,0.347362777,1184,6938_6#15
0.5,-0.099635163,-1,0.347362777,1186,6938_6#16
2,3.067678643,1,1.602833788,1187,6938_6#17
1,0.956136106,0,0.975098282,1190,6938_6#21
0.12,-0.902021327,-3.058893689,-0.945077893,1192,6938_6#22
0.25,-0.627520797,-2,-0.280372728,1194,6938_6#24
0.12,-0.902021327,-3.058893689,-0.945077893,1197,6938_6#4
0.06,-1.028713879,-4.058893689,-1.572813399,1198,6938_6#5
0.5,-0.099635163,-1,0.347362777,1202,6938_7#10
0.5,-0.099635163,-1,0.347362777,1203,6938_7#11
0.25,-0.627520797,-2,-0.280372728,1204,6938_7#1
0.12,-0.902021327,-3.058893689,-0.945077893,1208,6938_7#14
0.12,-0.902021327,-3.058893689,-0.945077893,1209,6938_7#15
0.06,-1.028713879,-4.058893689,-1.572813399,1211,6938_7#17
0.5,-0.099635163,-1,0.347362777,1212,6938_7#18
0.12,-0.902021327,-3.058893689,-0.945077893,1215,6938_7#21
0.5,-0.099635163,-1,0.347362777,1216,6630_3#22
0.5,-0.099635163,-1,0.347362777,1217,6938_7#2
0.5,-0.099635163,-1,0.347362777,1218,6938_7#22
0.5,-0.099635163,-1,0.347362777,1219,6938_7#23
0.5,-0.099635163,-1,0.347362777,1220,6938_7#24
1,0.956136106,0,0.975098282,1221,6938_7#3
1,0.956136106,0,0.975098282,1222,6938_7#4
2,3.067678643,1,1.602833788,1223,6938_7#5
1,0.956136106,0,0.975098282,1225,6938_7#7
1,0.956136106,0,0.975098282,1226,6938_7#8
0.03,-1.092060155,-5.058893689,-2.200548904,1227,6630_3#23
0.12,-0.902021327,-3.058893689,-0.945077893,1228,6938_7#9
1,0.956136106,0,0.975098282,1229,6938_8#10
1,0.956136106,0,0.975098282,1233,6938_8#13
0.25,-0.627520797,-2,-0.280372728,1234,6938_8#14
0.06,-1.028713879,-4.058893689,-1.572813399,1235,6938_8#15
0.25,-0.627520797,-2,-0.280372728,1237,6938_8#17
1,0.956136106,0,0.975098282,1238,6630_3#24
0.25,-0.627520797,-2,-0.280372728,1240,6938_8#19
0.5,-0.099635163,-1,0.347362777,1241,6938_8#21
0.5,-0.099635163,-1,0.347362777,1247,6938_8#4
0.5,-0.099635163,-1,0.347362777,1250,6938_8#6
0.5,-0.099635163,-1,0.347362777,1251,6938_8#7
0.5,-0.099635163,-1,0.347362777,1256,6949_1#1
0.5,-0.099635163,-1,0.347362777,1257,6949_1#12
0.5,-0.099635163,-1,0.347362777,1258,6949_1#13
0.25,-0.627520797,-2,-0.280372728,1259,6630_3#3
1,0.956136106,0,0.975098282,1264,6949_1#17
1,0.956136106,0,0.975098282,1265,6949_1#18
2,3.067678643,1,1.602833788,1269,6949_1#2
2,3.067678643,1,1.602833788,1270,6949_1#22
1,0.956136106,0,0.975098282,1273,6949_1#24
0.5,-0.099635163,-1,0.347362777,1275,6949_1#4
0.5,-0.099635163,-1,0.347362777,1281,6949_2#10
0.03,-1.092060155,-5.058893689,-2.200548904,1282,6630_3#5
1,0.956136106,0,0.975098282,1285,6949_2#12
1,0.956136106,0,0.975098282,1286,6949_2#13
1,0.956136106,0,0.975098282,1288,6949_2#15
1,0.956136106,0,0.975098282,1289,6949_2#16
0.12,-0.902021327,-3.058893689,-0.945077893,1290,6949_2#17
2,3.067678643,1,1.602833788,1291,6949_2#18
0.5,-0.099635163,-1,0.347362777,1294,6949_2#20
0.5,-0.099635163,-1,0.347362777,1297,6949_2#22
0.5,-0.099635163,-1,0.347362777,1298,6949_2#23
0.12,-0.902021327,-3.058893689,-0.945077893,1299,6949_2#24
0.5,-0.099635163,-1,0.347362777,1300,6949_2#3
1,0.956136106,0,0.975098282,1301,6949_2#4
0.12,-0.902021327,-3.058893689,-0.945077893,1302,6949_2#5
0.12,-0.902021327,-3.058893689,-0.945077893,1303,6949_2#6
0.06,-1.028713879,-4.058893689,-1.572813399,1304,6630_3#7
0.12,-0.902021327,-3.058893689,-0.945077893,1305,6949_2#7
1,0.956136106,0,0.975098282,1309,6949_3#11
0.5,-0.099635163,-1,0.347362777,1311,6949_3#12
0.12,-0.902021327,-3.058893689,-0.945077893,1313,6949_3#14
0.06,-1.028713879,-4.058893689,-1.572813399,1315,6630_3#8
0.5,-0.099635163,-1,0.347362777,1316,6949_3#16
0.5,-0.099635163,-1,0.347362777,1317,6949_3#17
1,0.956136106,0,0.975098282,1318,6949_3#18
1,0.956136106,0,0.975098282,1320,6949_3#20
0.5,-0.099635163,-1,0.347362777,1321,6949_3#21
0.12,-0.902021327,-3.058893689,-0.945077893,1323,6949_3#22
0.5,-0.099635163,-1,0.347362777,1324,6949_3#23
0.06,-1.028713879,-4.058893689,-1.572813399,1326,6630_3#9
0.25,-0.627520797,-2,-0.280372728,1328,6949_3#4
0.5,-0.099635163,-1,0.347362777,1329,6949_3#5
0.06,-1.028713879,-4.058893689,-1.572813399,1330,6949_3#6
0.12,-0.902021327,-3.058893689,-0.945077893,1333,6949_3#9
0.5,-0.099635163,-1,0.347362777,1335,6949_4#11
0.25,-0.627520797,-2,-0.280372728,1336,6949_4#1
0.03,-1.092060155,-5.058893689,-2.200548904,1337,6630_4#10
0.25,-0.627520797,-2,-0.280372728,1338,6949_4#12
0.12,-0.902021327,-3.058893689,-0.945077893,1341,6949_4#16
0.5,-0.099635163,-1,0.347362777,1345,6949_4#20
1,0.956136106,0,0.975098282,1349,6949_4#22
1,0.956136106,0,0.975098282,1350,6949_4#23
1,0.956136106,0,0.975098282,1351,6949_4#24
1,0.956136106,0,0.975098282,1352,6949_4#3
0.06,-1.028713879,-4.058893689,-1.572813399,1358,6630_4#12
0.12,-0.902021327,-3.058893689,-0.945077893,1359,6949_4#9
1,0.956136106,0,0.975098282,1360,6983_2#10
0.5,-0.099635163,-1,0.347362777,1362,6983_2#1
0.5,-0.099635163,-1,0.347362777,1364,6983_2#13
1,0.956136106,0,0.975098282,1365,6983_2#14
0.5,-0.099635163,-1,0.347362777,1367,6630_4#13
0.5,-0.099635163,-1,0.347362777,1368,6259_5#20
0.06,-1.028713879,-4.058893689,-1.572813399,1370,6983_2#20
1,0.956136106,0,0.975098282,1371,6983_2#21
0.5,-0.099635163,-1,0.347362777,1372,6983_2#2
1,0.956136106,0,0.975098282,1373,6983_2#22
0.12,-0.902021327,-3.058893689,-0.945077893,1377,6983_2#4
1,0.956136106,0,0.975098282,1378,6630_4#14
1,0.956136106,0,0.975098282,1380,6983_2#6
1,0.956136106,0,0.975098282,1382,6983_2#8
1,0.956136106,0,0.975098282,1383,6983_2#9
0.12,-0.902021327,-3.058893689,-0.945077893,1384,6983_3#49
0.06,-1.028713879,-4.058893689,-1.572813399,1389,6630_4#15
1,0.956136106,0,0.975098282,1399,6983_3#63
0.12,-0.902021327,-3.058893689,-0.945077893,1400,6630_4#16
0.5,-0.099635163,-1,0.347362777,1401,6983_3#64
0.5,-0.099635163,-1,0.347362777,1402,6983_3#65
1,0.956136106,0,0.975098282,1406,6983_3#69
2,3.067678643,1,1.602833788,1407,6983_3#70
0.06,-1.028713879,-4.058893689,-1.572813399,1411,6630_4#17
0.12,-0.902021327,-3.058893689,-0.945077893,1413,6983_4#75
0.5,-0.099635163,-1,0.347362777,1414,6983_4#76
1,0.956136106,0,0.975098282,1415,6983_4#77
2,3.067678643,1,1.602833788,1417,6983_4#79
1,0.956136106,0,0.975098282,1420,6983_4#82
1,0.956136106,0,0.975098282,1421,6983_4#83
0.12,-0.902021327,-3.058893689,-0.945077893,1422,6630_4#18
0.12,-0.902021327,-3.058893689,-0.945077893,1423,6983_4#84
1,0.956136106,0,0.975098282,1425,6983_4#86
0.5,-0.099635163,-1,0.347362777,1428,6983_4#89
1,0.956136106,0,0.975098282,1433,6630_4#19
1,0.956136106,0,0.975098282,1435,6983_4#95
0.5,-0.099635163,-1,0.347362777,1438,6983_5#11
1,0.956136106,0,0.975098282,1439,6983_5#1
1,0.956136106,0,0.975098282,1440,6983_5#12
1,0.956136106,0,0.975098282,1441,6983_5#13
1,0.956136106,0,0.975098282,1442,6983_5#14
2,3.067678643,1,1.602833788,1443,6983_5#15
0.12,-0.902021327,-3.058893689,-0.945077893,1445,6983_5#16
1,0.956136106,0,0.975098282,1446,6983_5#17
1,0.956136106,0,0.975098282,1447,6983_5#18
0.06,-1.028713879,-4.058893689,-1.572813399,1449,6983_5#20
0.12,-0.902021327,-3.058893689,-0.945077893,1450,6983_5#21
0.5,-0.099635163,-1,0.347362777,1451,6983_5#2
2,3.067678643,1,1.602833788,1452,6983_5#22
0.5,-0.099635163,-1,0.347362777,1453,6983_5#23
1,0.956136106,0,0.975098282,1454,6983_5#24
1,0.956136106,0,0.975098282,1455,6630_4#20
1,0.956136106,0,0.975098282,1457,6983_5#4
1,0.956136106,0,0.975098282,1458,6983_5#5
0.5,-0.099635163,-1,0.347362777,1464,6983_6#26
0.12,-0.902021327,-3.058893689,-0.945077893,1472,6983_6#33
1,0.956136106,0,0.975098282,1473,6983_6#34
1,0.956136106,0,0.975098282,1474,6983_6#35
0.12,-0.902021327,-3.058893689,-0.945077893,1475,6983_6#36
0.03,-1.092060155,-5.058893689,-2.200548904,1477,6630_4#22
0.12,-0.902021327,-3.058893689,-0.945077893,1479,6983_6#38
0.5,-0.099635163,-1,0.347362777,1480,6983_6#39
0.12,-0.902021327,-3.058893689,-0.945077893,1481,6983_6#40
0.12,-0.902021327,-3.058893689,-0.945077893,1483,6983_6#42
2,3.067678643,1,1.602833788,1485,6983_6#44
0.5,-0.099635163,-1,0.347362777,1487,6983_6#47
0.25,-0.627520797,-2,-0.280372728,1488,6630_4#23
1,0.956136106,0,0.975098282,1491,6983_7#50
0.12,-0.902021327,-3.058893689,-0.945077893,1492,6630_4#24
0.25,-0.627520797,-2,-0.280372728,1493,6983_7#59
0.5,-0.099635163,-1,0.347362777,1494,6983_7#60
2,3.067678643,1,1.602833788,1500,6983_7#66
0.5,-0.099635163,-1,0.347362777,1501,6983_7#67
1,0.956136106,0,0.975098282,1503,6983_7#68
2,3.067678643,1,1.602833788,1506,6983_7#71
0.12,-0.902021327,-3.058893689,-0.945077893,1509,6983_8#74
1,0.956136106,0,0.975098282,1512,6983_8#77
0.5,-0.099635163,-1,0.347362777,1514,6983_8#78
1,0.956136106,0,0.975098282,1516,6983_8#80
1,0.956136106,0,0.975098282,1517,6983_8#81
1,0.956136106,0,0.975098282,1518,6983_8#82
1,0.956136106,0,0.975098282,1519,6983_8#83
0.25,-0.627520797,-2,-0.280372728,1522,6983_8#86
2,3.067678643,1,1.602833788,1526,6983_8#89
0.12,-0.902021327,-3.058893689,-0.945077893,1528,6983_8#91
0.12,-0.902021327,-3.058893689,-0.945077893,1529,6983_8#92
0.5,-0.099635163,-1,0.347362777,1534,7004_5#10
0.12,-0.902021327,-3.058893689,-0.945077893,1535,6630_4#5
1,0.956136106,0,0.975098282,1536,7004_5#11
1,0.956136106,0,0.975098282,1537,7004_5#1
0.12,-0.902021327,-3.058893689,-0.945077893,1539,7004_5#13
0.25,-0.627520797,-2,-0.280372728,1541,7004_5#15
0.25,-0.627520797,-2,-0.280372728,1542,7004_5#16
0.5,-0.099635163,-1,0.347362777,1544,7004_5#18
1,0.956136106,0,0.975098282,1548,7004_5#21
1,0.956136106,0,0.975098282,1550,7004_5#22
1,0.956136106,0,0.975098282,1551,7004_5#23
0.25,-0.627520797,-2,-0.280372728,1556,7004_5#6
1,0.956136106,0,0.975098282,1557,6630_4#7
0.5,-0.099635163,-1,0.347362777,1559,7004_5#8
0.25,-0.627520797,-2,-0.280372728,1560,7004_5#9
1,0.956136106,0,0.975098282,1561,7004_6#25
0.5,-0.099635163,-1,0.347362777,1562,7004_6#26
0.25,-0.627520797,-2,-0.280372728,1566,7004_6#30
0.5,-0.099635163,-1,0.347362777,1567,7004_6#31
0.5,-0.099635163,-1,0.347362777,1569,7004_6#32
0.5,-0.099635163,-1,0.347362777,1574,7004_6#37
0.25,-0.627520797,-2,-0.280372728,1575,7004_6#38
0.5,-0.099635163,-1,0.347362777,1576,7004_6#39
0.5,-0.099635163,-1,0.347362777,1580,6259_5#22
0.06,-1.028713879,-4.058893689,-1.572813399,1581,7004_6#42
0.25,-0.627520797,-2,-0.280372728,1582,7004_6#43
0.12,-0.902021327,-3.058893689,-0.945077893,1583,7004_6#44
0.5,-0.099635163,-1,0.347362777,1588,7004_7#49
0.5,-0.099635163,-1,0.347362777,1589,7004_7#50
1,0.956136106,0,0.975098282,1590,7004_7#51
1,0.956136106,0,0.975098282,1594,7004_7#55
0.5,-0.099635163,-1,0.347362777,1595,7004_7#56
1,0.956136106,0,0.975098282,1596,7004_7#57
1,0.956136106,0,0.975098282,1597,7004_7#58
0.12,-0.902021327,-3.058893689,-0.945077893,1598,7004_7#59
0.12,-0.902021327,-3.058893689,-0.945077893,1601,6631_1#11
1,0.956136106,0,0.975098282,1606,7004_7#66
1,0.956136106,0,0.975098282,1607,7004_7#67
0.5,-0.099635163,-1,0.347362777,1609,7004_7#69
0.5,-0.099635163,-1,0.347362777,1610,7004_7#70
1,0.956136106,0,0.975098282,1611,7004_7#71
0.12,-0.902021327,-3.058893689,-0.945077893,1612,6631_1#12
0.06,-1.028713879,-4.058893689,-1.572813399,1614,7004_8#73
0.12,-0.902021327,-3.058893689,-0.945077893,1617,7004_8#76
0.5,-0.099635163,-1,0.347362777,1622,7004_8#81
0.25,-0.627520797,-2,-0.280372728,1628,7004_8#86
0.12,-0.902021327,-3.058893689,-0.945077893,1631,7004_8#89
0.12,-0.902021327,-3.058893689,-0.945077893,1632,7004_8#90
0.12,-0.902021327,-3.058893689,-0.945077893,1635,7004_8#92
0.5,-0.099635163,-1,0.347362777,1636,7004_8#93
0.12,-0.902021327,-3.058893689,-0.945077893,1638,7004_8#96
0.12,-0.902021327,-3.058893689,-0.945077893,1642,7011_3#18
0.25,-0.627520797,-2,-0.280372728,1646,7011_3#2
0.12,-0.902021327,-3.058893689,-0.945077893,1648,6631_1#16
2,3.067678643,1,1.602833788,1649,7011_3#23
2,3.067678643,1,1.602833788,1650,7011_3#24
0.25,-0.627520797,-2,-0.280372728,1651,7011_3#3
1,0.956136106,0,0.975098282,1654,7011_3#6
0.5,-0.099635163,-1,0.347362777,1656,7011_3#8
0.06,-1.028713879,-4.058893689,-1.572813399,1657,7011_3#9
0.03,-1.092060155,-5.058893689,-2.200548904,1659,6631_1#17
0.5,-0.099635163,-1,0.347362777,1661,7011_4#1
0.06,-1.028713879,-4.058893689,-1.572813399,1663,7011_4#13
0.12,-0.902021327,-3.058893689,-0.945077893,1664,7011_4#14
0.06,-1.028713879,-4.058893689,-1.572813399,1665,7011_4#15
0.25,-0.627520797,-2,-0.280372728,1666,7011_4#16
1,0.956136106,0,0.975098282,1667,7011_4#17
1,0.956136106,0,0.975098282,1668,7011_4#18
0.06,-1.028713879,-4.058893689,-1.572813399,1669,7011_4#19
0.5,-0.099635163,-1,0.347362777,1671,7011_4#20
1,0.956136106,0,0.975098282,1672,7011_4#21
0.5,-0.099635163,-1,0.347362777,1673,7011_4#2
1,0.956136106,0,0.975098282,1674,7011_4#22
0.5,-0.099635163,-1,0.347362777,1675,7011_4#23
0.5,-0.099635163,-1,0.347362777,1677,7011_4#3
0.5,-0.099635163,-1,0.347362777,1678,7011_4#4
0.5,-0.099635163,-1,0.347362777,1679,7011_4#5
0.5,-0.099635163,-1,0.347362777,1681,6631_1#19
0.06,-1.028713879,-4.058893689,-1.572813399,1682,6259_5#23
0.5,-0.099635163,-1,0.347362777,1683,7011_4#7
1,0.956136106,0,0.975098282,1687,7011_5#11
1,0.956136106,0,0.975098282,1689,7011_5#12
0.12,-0.902021327,-3.058893689,-0.945077893,1692,7011_5#15
0.12,-0.902021327,-3.058893689,-0.945077893,1695,7011_5#17
0.25,-0.627520797,-2,-0.280372728,1698,7011_5#20
0.25,-0.627520797,-2,-0.280372728,1699,7011_5#21
1,0.956136106,0,0.975098282,1703,7011_5#24
0.06,-1.028713879,-4.058893689,-1.572813399,1704,6631_1#20
0.5,-0.099635163,-1,0.347362777,1705,7011_5#3
2,3.067678643,1,1.602833788,1707,7011_5#5
0.5,-0.099635163,-1,0.347362777,1712,7011_6#10
1,0.956136106,0,0.975098282,1713,7011_6#11
1,0.956136106,0,0.975098282,1714,7011_6#1
0.25,-0.627520797,-2,-0.280372728,1715,6631_1#21
0.5,-0.099635163,-1,0.347362777,1716,7011_6#12
0.5,-0.099635163,-1,0.347362777,1717,7011_6#13
0.5,-0.099635163,-1,0.347362777,1718,7011_6#14
1,0.956136106,0,0.975098282,1720,7011_6#16
1,0.956136106,0,0.975098282,1721,7011_6#17
1,0.956136106,0,0.975098282,1724,7011_6#20
0.5,-0.099635163,-1,0.347362777,1726,6631_1#22
0.12,-0.902021327,-3.058893689,-0.945077893,1727,7011_6#2
0.5,-0.099635163,-1,0.347362777,1728,7011_6#22
0.5,-0.099635163,-1,0.347362777,1732,7011_6#4
1,0.956136106,0,0.975098282,1734,7011_6#6
1,0.956136106,0,0.975098282,1735,7011_6#7
0.06,-1.028713879,-4.058893689,-1.572813399,1736,7011_6#8
1,0.956136106,0,0.975098282,1746,7038_4#16
0.12,-0.902021327,-3.058893689,-0.945077893,1750,7038_4#19
0.12,-0.902021327,-3.058893689,-0.945077893,1751,7038_4#20
1,0.956136106,0,0.975098282,1752,7038_4#21
0.5,-0.099635163,-1,0.347362777,1753,7038_4#2
0.06,-1.028713879,-4.058893689,-1.572813399,1754,7038_4#22
0.06,-1.028713879,-4.058893689,-1.572813399,1755,7038_4#23
1,0.956136106,0,0.975098282,1758,7038_4#4
1,0.956136106,0,0.975098282,1759,6631_1#2
1,0.956136106,0,0.975098282,1762,7038_4#7
1,0.956136106,0,0.975098282,1763,7038_4#8
0.5,-0.099635163,-1,0.347362777,1767,7038_5#1
0.5,-0.099635163,-1,0.347362777,1769,7038_5#13
0.06,-1.028713879,-4.058893689,-1.572813399,1770,6631_1#3
2,3.067678643,1,1.602833788,1778,7038_5#21
0.06,-1.028713879,-4.058893689,-1.572813399,1779,7038_5#2
0.25,-0.627520797,-2,-0.280372728,1780,7038_5#22
1,0.956136106,0,0.975098282,1782,7038_5#23
0.06,-1.028713879,-4.058893689,-1.572813399,1784,7038_5#3
0.06,-1.028713879,-4.058893689,-1.572813399,1786,7038_5#5
0.5,-0.099635163,-1,0.347362777,1790,7038_5#9
2,3.067678643,1,1.602833788,1793,6259_5#24
0.5,-0.099635163,-1,0.347362777,1795,7038_6#1
0.25,-0.627520797,-2,-0.280372728,1796,7038_6#12
0.5,-0.099635163,-1,0.347362777,1798,7038_6#14
0.5,-0.099635163,-1,0.347362777,1799,7038_6#15
0.5,-0.099635163,-1,0.347362777,1803,7038_6#19
0.12,-0.902021327,-3.058893689,-0.945077893,1804,6631_1#6
0.5,-0.099635163,-1,0.347362777,1807,7038_6#2
0.12,-0.902021327,-3.058893689,-0.945077893,1810,7038_6#24
0.06,-1.028713879,-4.058893689,-1.572813399,1811,7038_6#3
0.12,-0.902021327,-3.058893689,-0.945077893,1813,7038_6#5
0.06,-1.028713879,-4.058893689,-1.572813399,1815,6631_1#7
0.5,-0.099635163,-1,0.347362777,1818,7038_6#9
0.06,-1.028713879,-4.058893689,-1.572813399,1822,7038_7#13
0.06,-1.028713879,-4.058893689,-1.572813399,1823,7038_7#14
0.03,-1.092060155,-5.058893689,-2.200548904,1825,6631_1#8
0.12,-0.902021327,-3.058893689,-0.945077893,1828,7038_7#18
0.12,-0.902021327,-3.058893689,-0.945077893,1835,7038_7#24
0.25,-0.627520797,-2,-0.280372728,1836,6631_1#9
0.06,-1.028713879,-4.058893689,-1.572813399,1841,7038_7#7
0.12,-0.902021327,-3.058893689,-0.945077893,1842,7038_7#8
0.06,-1.028713879,-4.058893689,-1.572813399,1844,7038_8#25
0.06,-1.028713879,-4.058893689,-1.572813399,1845,7038_8#26
0.25,-0.627520797,-2,-0.280372728,1847,6631_2#10
0.5,-0.099635163,-1,0.347362777,1848,7038_8#28
0.5,-0.099635163,-1,0.347362777,1849,7038_8#29
0.5,-0.099635163,-1,0.347362777,1850,7038_8#30
0.5,-0.099635163,-1,0.347362777,1851,7038_8#31
0.5,-0.099635163,-1,0.347362777,1852,7038_8#32
0.06,-1.028713879,-4.058893689,-1.572813399,1854,7038_8#34
1,0.956136106,0,0.975098282,1856,7038_8#36
0.06,-1.028713879,-4.058893689,-1.572813399,1857,7038_8#37
0.12,-0.902021327,-3.058893689,-0.945077893,1858,6631_2#11
1,0.956136106,0,0.975098282,1860,7038_8#39
0.5,-0.099635163,-1,0.347362777,1861,7038_8#40
1,0.956136106,0,0.975098282,1862,7038_8#41
1,0.956136106,0,0.975098282,1863,7038_8#42
0.5,-0.099635163,-1,0.347362777,1869,7038_8#48
1,0.956136106,0,0.975098282,1870,7054_4#10
1,0.956136106,0,0.975098282,1871,7054_4#11
0.5,-0.099635163,-1,0.347362777,1872,7054_4#1
0.25,-0.627520797,-2,-0.280372728,1875,7054_4#14
1,0.956136106,0,0.975098282,1876,7054_4#15
2,3.067678643,1,1.602833788,1877,7054_4#16
2,3.067678643,1,1.602833788,1878,7054_4#17
2,3.067678643,1,1.602833788,1880,7054_4#18
0.12,-0.902021327,-3.058893689,-0.945077893,1881,7054_4#19
0.12,-0.902021327,-3.058893689,-0.945077893,1883,7054_4#21
0.5,-0.099635163,-1,0.347362777,1884,7054_4#2
1,0.956136106,0,0.975098282,1886,7054_4#23
2,3.067678643,1,1.602833788,1887,7054_4#24
0.25,-0.627520797,-2,-0.280372728,1890,6631_2#14
0.12,-0.902021327,-3.058893689,-0.945077893,1891,7054_4#5
1,0.956136106,0,0.975098282,1892,7054_4#6
1,0.956136106,0,0.975098282,1893,7054_4#7
0.5,-0.099635163,-1,0.347362777,1894,7054_4#8
1,0.956136106,0,0.975098282,1895,7054_4#9
0.06,-1.028713879,-4.058893689,-1.572813399,1896,7054_5#10
1,0.956136106,0,0.975098282,1902,6259_5#2
0.25,-0.627520797,-2,-0.280372728,1903,7054_5#14
1,0.956136106,0,0.975098282,1904,7054_5#15
0.06,-1.028713879,-4.058893689,-1.572813399,1905,7054_5#16
0.12,-0.902021327,-3.058893689,-0.945077893,1906,7054_5#17
2,3.067678643,1,1.602833788,1907,7054_5#18
0.25,-0.627520797,-2,-0.280372728,1909,7054_5#20
1,0.956136106,0,0.975098282,1910,7054_5#21
0.12,-0.902021327,-3.058893689,-0.945077893,1914,7054_5#23
0.12,-0.902021327,-3.058893689,-0.945077893,1915,7054_5#24
0.06,-1.028713879,-4.058893689,-1.572813399,1918,7054_5#5
1,0.956136106,0,0.975098282,1919,7054_5#6
0.12,-0.902021327,-3.058893689,-0.945077893,1922,7054_5#9
0.06,-1.028713879,-4.058893689,-1.572813399,1924,6631_2#17
0.25,-0.627520797,-2,-0.280372728,1927,7054_6#12
1,0.956136106,0,0.975098282,1928,7054_6#13
0.12,-0.902021327,-3.058893689,-0.945077893,1930,7054_6#15
0.5,-0.099635163,-1,0.347362777,1931,7054_6#16
0.12,-0.902021327,-3.058893689,-0.945077893,1932,7054_6#17
0.12,-0.902021327,-3.058893689,-0.945077893,1933,7054_6#18
0.12,-0.902021327,-3.058893689,-0.945077893,1934,7054_6#19
1,0.956136106,0,0.975098282,1937,7054_6#21
1,0.956136106,0,0.975098282,1938,7054_6#2
0.5,-0.099635163,-1,0.347362777,1939,7054_6#22
2,3.067678643,1,1.602833788,1943,7054_6#4
1,0.956136106,0,0.975098282,1944,7054_6#5
0.12,-0.902021327,-3.058893689,-0.945077893,1945,7054_6#6
0.12,-0.902021327,-3.058893689,-0.945077893,1946,6631_2#19
0.12,-0.902021327,-3.058893689,-0.945077893,1947,7054_6#7
1,0.956136106,0,0.975098282,1949,7054_6#9
1,0.956136106,0,0.975098282,1950,7068_4#10
0.12,-0.902021327,-3.058893689,-0.945077893,1951,7068_4#11
0.12,-0.902021327,-3.058893689,-0.945077893,1952,7068_4#1
1,0.956136106,0,0.975098282,1954,7068_4#13
1,0.956136106,0,0.975098282,1955,7068_4#14
1,0.956136106,0,0.975098282,1958,7068_4#16
0.12,-0.902021327,-3.058893689,-0.945077893,1960,7068_4#18
1,0.956136106,0,0.975098282,1961,7068_4#19
0.5,-0.099635163,-1,0.347362777,1964,7068_4#2
1,0.956136106,0,0.975098282,1965,7068_4#22
1,0.956136106,0,0.975098282,1969,7068_4#3
1,0.956136106,0,0.975098282,1970,7068_4#4
1,0.956136106,0,0.975098282,1971,7068_4#5
1,0.956136106,0,0.975098282,1972,7068_4#6
0.5,-0.099635163,-1,0.347362777,1973,7068_4#7
2,3.067678643,1,1.602833788,1974,7068_4#8
1,0.956136106,0,0.975098282,1975,7068_4#9
1,0.956136106,0,0.975098282,1976,7092_6#10
0.5,-0.099635163,-1,0.347362777,1979,7092_6#12
0.12,-0.902021327,-3.058893689,-0.945077893,1980,7092_6#13
0.5,-0.099635163,-1,0.347362777,1982,7092_6#15
2,3.067678643,1,1.602833788,1983,7092_6#16
2,3.067678643,1,1.602833788,1984,7092_6#17
0.12,-0.902021327,-3.058893689,-0.945077893,1987,7092_6#20
0.12,-0.902021327,-3.058893689,-0.945077893,1988,7092_6#21
0.5,-0.099635163,-1,0.347362777,1989,6631_2#22
1,0.956136106,0,0.975098282,1991,7092_6#22
0.5,-0.099635163,-1,0.347362777,1992,7092_6#23
0.5,-0.099635163,-1,0.347362777,1993,7092_6#24
0.03,-1.092060155,-5.058893689,-2.200548904,1997,7092_6#6
1,0.956136106,0,0.975098282,1998,7092_6#7
0.5,-0.099635163,-1,0.347362777,1999,7092_6#8
0.03,-1.092060155,-5.058893689,-2.200548904,2000,6631_2#23
0.25,-0.627520797,-2,-0.280372728,2001,7092_6#9
0.25,-0.627520797,-2,-0.280372728,2004,6805_4#22
0.12,-0.902021327,-3.058893689,-0.945077893,2005,6805_4#24
0.5,-0.099635163,-1,0.347362777,2006,6805_4#5
0.12,-0.902021327,-3.058893689,-0.945077893,2010,6805_6#22
0.12,-0.902021327,-3.058893689,-0.945077893,2011,6631_2#24
2,3.067678643,1,1.602833788,2012,6259_5#3
0.5,-0.099635163,-1,0.347362777,2013,6823_1#10
1,0.956136106,0,0.975098282,2018,6823_1#15
0.5,-0.099635163,-1,0.347362777,2019,6823_1#16
1,0.956136106,0,0.975098282,2020,6823_1#17
1,0.956136106,0,0.975098282,2021,6823_1#18
1,0.956136106,0,0.975098282,2024,6823_1#20
0.25,-0.627520797,-2,-0.280372728,2026,6823_1#2
0.5,-0.099635163,-1,0.347362777,2029,6823_1#24
0.5,-0.099635163,-1,0.347362777,2031,6823_1#4
1,0.956136106,0,0.975098282,2032,6823_1#5
1,0.956136106,0,0.975098282,2034,6823_1#6
1,0.956136106,0,0.975098282,2035,6823_1#7
0.5,-0.099635163,-1,0.347362777,2036,6823_1#8
0.5,-0.099635163,-1,0.347362777,2037,6823_1#9
1,0.956136106,0,0.975098282,2038,6823_2#10
2,3.067678643,1,1.602833788,2040,6823_2#1
0.06,-1.028713879,-4.058893689,-1.572813399,2047,6823_2#17
1,0.956136106,0,0.975098282,2048,6823_2#18
1,0.956136106,0,0.975098282,2050,6823_2#20
1,0.956136106,0,0.975098282,2052,6823_2#2
1,0.956136106,0,0.975098282,2054,6823_2#23
0.5,-0.099635163,-1,0.347362777,2057,6823_2#3
1,0.956136106,0,0.975098282,2058,6823_2#4
0.5,-0.099635163,-1,0.347362777,2059,6823_2#5
0.06,-1.028713879,-4.058893689,-1.572813399,2061,6823_2#7
0.25,-0.627520797,-2,-0.280372728,2063,6823_2#9
1,0.956136106,0,0.975098282,2065,6823_3#11
1,0.956136106,0,0.975098282,2068,6823_3#12
0.5,-0.099635163,-1,0.347362777,2069,6823_3#13
1,0.956136106,0,0.975098282,2070,6823_3#14
2,3.067678643,1,1.602833788,2072,6823_3#16
2,3.067678643,1,1.602833788,2073,6823_3#17
1,0.956136106,0,0.975098282,2074,6823_3#18
0.25,-0.627520797,-2,-0.280372728,2075,6823_3#19
0.5,-0.099635163,-1,0.347362777,2080,6823_3#22
2,3.067678643,1,1.602833788,2081,6823_3#23
2,3.067678643,1,1.602833788,2082,6823_3#24
2,3.067678643,1,1.602833788,2083,6823_3#3
0.5,-0.099635163,-1,0.347362777,2085,6823_3#5
0.5,-0.099635163,-1,0.347362777,2086,6823_3#6
0.25,-0.627520797,-2,-0.280372728,2087,6823_3#7
2,3.067678643,1,1.602833788,2088,6631_2#8
0.25,-0.627520797,-2,-0.280372728,2091,6823_4#10
1,0.956136106,0,0.975098282,2094,6823_4#12
0.12,-0.902021327,-3.058893689,-0.945077893,2096,6823_4#14
0.12,-0.902021327,-3.058893689,-0.945077893,2098,6823_4#16
0.25,-0.627520797,-2,-0.280372728,2099,6631_2#9
1,0.956136106,0,0.975098282,2100,6823_4#17
0.12,-0.902021327,-3.058893689,-0.945077893,2101,6823_4#18
0.5,-0.099635163,-1,0.347362777,2104,6823_4#21
2,3.067678643,1,1.602833788,2105,6823_4#2
1,0.956136106,0,0.975098282,2106,6823_4#22
0.25,-0.627520797,-2,-0.280372728,2112,6823_4#5
0.25,-0.627520797,-2,-0.280372728,2114,6823_4#7
1,0.956136106,0,0.975098282,2117,6823_5#10
0.06,-1.028713879,-4.058893689,-1.572813399,2120,6823_5#12
0.12,-0.902021327,-3.058893689,-0.945077893,2121,6631_3#11
2,3.067678643,1,1.602833788,2124,6823_5#14
1,0.956136106,0,0.975098282,2131,6823_5#21
0.25,-0.627520797,-2,-0.280372728,2134,6823_5#22
1,0.956136106,0,0.975098282,2136,6823_5#24
1,0.956136106,0,0.975098282,2137,6823_5#3
1,0.956136106,0,0.975098282,2138,6823_5#4
0.5,-0.099635163,-1,0.347362777,2139,6823_5#5
1,0.956136106,0,0.975098282,2140,6823_5#6
1,0.956136106,0,0.975098282,2142,6823_5#8
0.12,-0.902021327,-3.058893689,-0.945077893,2144,6631_3#13
1,0.956136106,0,0.975098282,2145,6823_6#10
0.25,-0.627520797,-2,-0.280372728,2147,6823_6#1
1,0.956136106,0,0.975098282,2148,6823_6#12
1,0.956136106,0,0.975098282,2150,6823_6#14
1,0.956136106,0,0.975098282,2162,6823_6#24
2,3.067678643,1,1.602833788,2163,6823_6#3
0.12,-0.902021327,-3.058893689,-0.945077893,2164,6823_6#4
0.12,-0.902021327,-3.058893689,-0.945077893,2165,6823_6#5
0.25,-0.627520797,-2,-0.280372728,2166,6631_3#15
0.12,-0.902021327,-3.058893689,-0.945077893,2167,6823_6#6
1,0.956136106,0,0.975098282,2168,6823_6#7
1,0.956136106,0,0.975098282,2169,6823_6#8
1,0.956136106,0,0.975098282,2170,6823_6#9
1,0.956136106,0,0.975098282,2171,6823_7#10
0.12,-0.902021327,-3.058893689,-0.945077893,2172,6823_7#11
1,0.956136106,0,0.975098282,2173,6823_7#1
1,0.956136106,0,0.975098282,2174,6823_7#12
1,0.956136106,0,0.975098282,2175,6823_7#13
0.12,-0.902021327,-3.058893689,-0.945077893,2177,6631_3#16
0.5,-0.099635163,-1,0.347362777,2178,6823_7#15
2,3.067678643,1,1.602833788,2179,6823_7#16
1,0.956136106,0,0.975098282,2180,6823_7#17
0.12,-0.902021327,-3.058893689,-0.945077893,2181,6823_7#18
1,0.956136106,0,0.975098282,2182,6823_7#19
1,0.956136106,0,0.975098282,2183,6823_7#20
0.5,-0.099635163,-1,0.347362777,2184,6823_7#21
0.5,-0.099635163,-1,0.347362777,2185,6823_7#2
0.5,-0.099635163,-1,0.347362777,2186,6823_7#22
0.03,-1.092060155,-5.058893689,-2.200548904,2188,6631_3#17
0.5,-0.099635163,-1,0.347362777,2189,6823_7#24
1,0.956136106,0,0.975098282,2191,6823_7#4
1,0.956136106,0,0.975098282,2192,6823_7#5
1,0.956136106,0,0.975098282,2195,6823_7#8
0.5,-0.099635163,-1,0.347362777,2196,6823_7#9
0.5,-0.099635163,-1,0.347362777,2197,6972_2#10
2,3.067678643,1,1.602833788,2199,6631_3#18
1,0.956136106,0,0.975098282,2203,6972_2#14
0.12,-0.902021327,-3.058893689,-0.945077893,2205,6972_2#16
0.12,-0.902021327,-3.058893689,-0.945077893,2206,6972_2#17
0.06,-1.028713879,-4.058893689,-1.572813399,2208,6972_2#19
0.5,-0.099635163,-1,0.347362777,2209,6972_2#20
0.12,-0.902021327,-3.058893689,-0.945077893,2215,6972_2#24
0.25,-0.627520797,-2,-0.280372728,2219,6972_2#6
0.5,-0.099635163,-1,0.347362777,2224,6972_3#10
0.5,-0.099635163,-1,0.347362777,2228,6972_3#13
0.25,-0.627520797,-2,-0.280372728,2229,6972_3#14
0.5,-0.099635163,-1,0.347362777,2231,6972_3#16
1,0.956136106,0,0.975098282,2234,6972_3#17
0.5,-0.099635163,-1,0.347362777,2236,6972_3#19
0.03,-1.092060155,-5.058893689,-2.200548904,2244,6631_3#21
0.5,-0.099635163,-1,0.347362777,2251,6972_4#10
0.06,-1.028713879,-4.058893689,-1.572813399,2253,6631_3#22
1,0.956136106,0,0.975098282,2254,6972_4#13
0.12,-0.902021327,-3.058893689,-0.945077893,2259,6972_4#18
0.5,-0.099635163,-1,0.347362777,2260,6972_4#19
2,3.067678643,1,1.602833788,2261,6972_4#20
1,0.956136106,0,0.975098282,2264,6972_4#22
1,0.956136106,0,0.975098282,2265,6972_4#23
1,0.956136106,0,0.975098282,2266,6972_4#24
0.06,-1.028713879,-4.058893689,-1.572813399,2269,6972_4#5
0.06,-1.028713879,-4.058893689,-1.572813399,2270,6972_4#6
2,3.067678643,1,1.602833788,2277,6972_5#1
0.5,-0.099635163,-1,0.347362777,2280,6972_5#14
0.5,-0.099635163,-1,0.347362777,2281,6972_5#15
0.5,-0.099635163,-1,0.347362777,2285,6631_3#2
0.5,-0.099635163,-1,0.347362777,2286,6972_5#19
0.5,-0.099635163,-1,0.347362777,2287,6972_5#20
1,0.956136106,0,0.975098282,2288,6972_5#21
0.06,-1.028713879,-4.058893689,-1.572813399,2290,6972_5#22
0.06,-1.028713879,-4.058893689,-1.572813399,2291,6972_5#23
0.12,-0.902021327,-3.058893689,-0.945077893,2294,6972_5#4
0.5,-0.099635163,-1,0.347362777,2297,6972_5#6
0.5,-0.099635163,-1,0.347362777,2299,6972_5#8
0.12,-0.902021327,-3.058893689,-0.945077893,2304,6631_3#5
0.12,-0.902021327,-3.058893689,-0.945077893,2305,6631_3#6
0.03,-1.092060155,-5.058893689,-2.200548904,2306,6631_3#7
0.12,-0.902021327,-3.058893689,-0.945077893,2312,6631_4#12
0.25,-0.627520797,-2,-0.280372728,2314,6631_4#14
0.12,-0.902021327,-3.058893689,-0.945077893,2317,6631_4#17
0.03,-1.092060155,-5.058893689,-2.200548904,2319,6631_4#18
1,0.956136106,0,0.975098282,2320,6631_4#19
0.12,-0.902021327,-3.058893689,-0.945077893,2324,6631_4#22
0.25,-0.627520797,-2,-0.280372728,2327,6631_4#2
0.25,-0.627520797,-2,-0.280372728,2328,6631_4#3
0.25,-0.627520797,-2,-0.280372728,2331,6631_4#5
1,0.956136106,0,0.975098282,2332,6631_4#6
1,0.956136106,0,0.975098282,2335,6631_4#9
0.25,-0.627520797,-2,-0.280372728,2336,6631_5#10
0.25,-0.627520797,-2,-0.280372728,2340,6259_5#9
0.25,-0.627520797,-2,-0.280372728,2341,6631_5#14
0.25,-0.627520797,-2,-0.280372728,2342,6631_5#15
0.5,-0.099635163,-1,0.347362777,2343,6631_5#16
0.12,-0.902021327,-3.058893689,-0.945077893,2345,6631_5#18
1,0.956136106,0,0.975098282,2348,6631_5#20
1,0.956136106,0,0.975098282,2349,6631_5#21
0.25,-0.627520797,-2,-0.280372728,2350,6631_5#22
0.06,-1.028713879,-4.058893689,-1.572813399,2351,6259_6#10
0.12,-0.902021327,-3.058893689,-0.945077893,2352,6631_5#23
1,0.956136106,0,0.975098282,2353,6631_5#24
0.25,-0.627520797,-2,-0.280372728,2354,6631_5#2
0.5,-0.099635163,-1,0.347362777,2355,6631_5#3
0.25,-0.627520797,-2,-0.280372728,2357,6631_5#5
0.06,-1.028713879,-4.058893689,-1.572813399,2362,6259_6#11
0.5,-0.099635163,-1,0.347362777,2365,6631_6#12
0.5,-0.099635163,-1,0.347362777,2366,6631_6#13
1,0.956136106,0,0.975098282,2367,6631_6#14
0.5,-0.099635163,-1,0.347362777,2368,6631_6#15
0.5,-0.099635163,-1,0.347362777,2369,6631_6#16
0.06,-1.028713879,-4.058893689,-1.572813399,2370,6631_6#17
0.25,-0.627520797,-2,-0.280372728,2373,6259_6#12
0.25,-0.627520797,-2,-0.280372728,2374,6631_6#1
0.5,-0.099635163,-1,0.347362777,2375,6631_6#20
0.5,-0.099635163,-1,0.347362777,2376,6631_6#21
0.5,-0.099635163,-1,0.347362777,2378,6631_6#23
0.25,-0.627520797,-2,-0.280372728,2380,6631_6#2
1,0.956136106,0,0.975098282,2382,6631_6#4
0.12,-0.902021327,-3.058893689,-0.945077893,2383,6631_6#5
0.25,-0.627520797,-2,-0.280372728,2385,6631_6#6
2,3.067678643,1,1.602833788,2386,6631_6#7
0.12,-0.902021327,-3.058893689,-0.945077893,2389,6631_7#10
0.06,-1.028713879,-4.058893689,-1.572813399,2391,6631_7#12
0.06,-1.028713879,-4.058893689,-1.572813399,2408,6631_7#3
0.25,-0.627520797,-2,-0.280372728,2409,6631_7#4
0.5,-0.099635163,-1,0.347362777,2412,6631_7#7
0.12,-0.902021327,-3.058893689,-0.945077893,2416,6680_4#11
1,0.956136106,0,0.975098282,2417,6259_6#16
0.06,-1.028713879,-4.058893689,-1.572813399,2418,6680_4#12
0.06,-1.028713879,-4.058893689,-1.572813399,2419,6680_4#13
0.12,-0.902021327,-3.058893689,-0.945077893,2420,6680_4#14
1,0.956136106,0,0.975098282,2421,6680_4#15
0.5,-0.099635163,-1,0.347362777,2422,6680_4#16
0.06,-1.028713879,-4.058893689,-1.572813399,2424,6680_4#18
1,0.956136106,0,0.975098282,2426,6680_4#1
1,0.956136106,0,0.975098282,2427,6680_4#20
1,0.956136106,0,0.975098282,2429,6680_4#21
1,0.956136106,0,0.975098282,2430,6680_4#22
1,0.956136106,0,0.975098282,2431,6680_4#23
1,0.956136106,0,0.975098282,2432,6680_4#24
0.5,-0.099635163,-1,0.347362777,2433,6680_4#2
1,0.956136106,0,0.975098282,2434,6680_4#3
0.5,-0.099635163,-1,0.347362777,2435,6680_4#4
1,0.956136106,0,0.975098282,2436,6680_4#5
2,3.067678643,1,1.602833788,2438,6680_4#7
0.5,-0.099635163,-1,0.347362777,2439,6259_6#18
1,0.956136106,0,0.975098282,2443,6680_5#11
0.12,-0.902021327,-3.058893689,-0.945077893,2444,6680_5#12
0.5,-0.099635163,-1,0.347362777,2445,6680_5#13
0.03,-1.092060155,-5.058893689,-2.200548904,2446,6680_5#14
1,0.956136106,0,0.975098282,2447,6680_5#15
1,0.956136106,0,0.975098282,2449,6680_5#17
1,0.956136106,0,0.975098282,2451,6680_5#18
0.5,-0.099635163,-1,0.347362777,2452,6680_5#19
1,0.956136106,0,0.975098282,2453,6680_5#1
0.03,-1.092060155,-5.058893689,-2.200548904,2454,6680_5#20
1,0.956136106,0,0.975098282,2456,6680_5#22
0.12,-0.902021327,-3.058893689,-0.945077893,2457,6680_5#23
1,0.956136106,0,0.975098282,2458,6680_5#24
0.03,-1.092060155,-5.058893689,-2.200548904,2459,6680_5#2
0.25,-0.627520797,-2,-0.280372728,2461,6259_6#1
0.06,-1.028713879,-4.058893689,-1.572813399,2462,6680_5#4
0.12,-0.902021327,-3.058893689,-0.945077893,2464,6680_5#6
1,0.956136106,0,0.975098282,2465,6680_5#7
0.5,-0.099635163,-1,0.347362777,2466,6680_5#8
0.12,-0.902021327,-3.058893689,-0.945077893,2467,6680_5#9
0.25,-0.627520797,-2,-0.280372728,2468,6680_6#10
1,0.956136106,0,0.975098282,2469,6680_6#11
1,0.956136106,0,0.975098282,2471,6680_6#13
0.5,-0.099635163,-1,0.347362777,2472,6259_6#20
0.5,-0.099635163,-1,0.347362777,2475,6680_6#16
1,0.956136106,0,0.975098282,2476,6680_6#17
0.12,-0.902021327,-3.058893689,-0.945077893,2479,6680_6#20
0.5,-0.099635163,-1,0.347362777,2480,6680_6#21
0.5,-0.099635163,-1,0.347362777,2481,6680_6#22
0.5,-0.099635163,-1,0.347362777,2484,6680_6#24
0.12,-0.902021327,-3.058893689,-0.945077893,2486,6680_6#3
0.5,-0.099635163,-1,0.347362777,2488,6680_6#5
0.5,-0.099635163,-1,0.347362777,2489,6680_6#6
0.25,-0.627520797,-2,-0.280372728,2490,6680_6#7
0.5,-0.099635163,-1,0.347362777,2491,6680_6#8
0.03,-1.092060155,-5.058893689,-2.200548904,2492,6680_6#9
1,0.956136106,0,0.975098282,2494,6680_7#10
1,0.956136106,0,0.975098282,2498,6680_7#14
0.5,-0.099635163,-1,0.347362777,2499,6680_7#15
1,0.956136106,0,0.975098282,2501,6680_7#17
1,0.956136106,0,0.975098282,2502,6680_7#18
0.12,-0.902021327,-3.058893689,-0.945077893,2503,6680_7#19
1,0.956136106,0,0.975098282,2505,6680_7#1
0.5,-0.099635163,-1,0.347362777,2507,6680_7#21
1,0.956136106,0,0.975098282,2508,6680_7#22
1,0.956136106,0,0.975098282,2510,6680_7#24
1,0.956136106,0,0.975098282,2511,6680_7#2
0.12,-0.902021327,-3.058893689,-0.945077893,2512,6680_7#3
0.12,-0.902021327,-3.058893689,-0.945077893,2513,6680_7#4
0.12,-0.902021327,-3.058893689,-0.945077893,2516,6680_7#6
0.5,-0.099635163,-1,0.347362777,2517,6680_7#7
1,0.956136106,0,0.975098282,2518,6680_7#8
0.5,-0.099635163,-1,0.347362777,2519,6680_7#9
0.12,-0.902021327,-3.058893689,-0.945077893,2520,6730_1#10
1,0.956136106,0,0.975098282,2522,6730_1#12
0.06,-1.028713879,-4.058893689,-1.572813399,2524,6730_1#14
0.12,-0.902021327,-3.058893689,-0.945077893,2525,6730_1#15
0.12,-0.902021327,-3.058893689,-0.945077893,2526,6259_6#2
0.5,-0.099635163,-1,0.347362777,2528,6730_1#17
0.5,-0.099635163,-1,0.347362777,2529,6730_1#18
1,0.956136106,0,0.975098282,2530,6730_1#19
0.5,-0.099635163,-1,0.347362777,2531,6730_1#1
0.12,-0.902021327,-3.058893689,-0.945077893,2532,6730_1#20
0.5,-0.099635163,-1,0.347362777,2533,6730_1#21
0.06,-1.028713879,-4.058893689,-1.572813399,2535,6730_1#23
1,0.956136106,0,0.975098282,2536,6730_1#24
0.5,-0.099635163,-1,0.347362777,2538,6730_1#2
0.25,-0.627520797,-2,-0.280372728,2539,6730_1#3
1,0.956136106,0,0.975098282,2542,6730_1#6
0.03,-1.092060155,-5.058893689,-2.200548904,2543,6730_1#7
1,0.956136106,0,0.975098282,2545,6730_1#9
0.06,-1.028713879,-4.058893689,-1.572813399,2546,6730_3#10
0.5,-0.099635163,-1,0.347362777,2547,6730_3#11
2,3.067678643,1,1.602833788,2549,6730_3#12
1,0.956136106,0,0.975098282,2552,6730_3#15
1,0.956136106,0,0.975098282,2553,6730_3#16
0.12,-0.902021327,-3.058893689,-0.945077893,2555,6730_3#18
0.06,-1.028713879,-4.058893689,-1.572813399,2556,6730_3#19
1,0.956136106,0,0.975098282,2557,6730_3#1
0.12,-0.902021327,-3.058893689,-0.945077893,2558,6730_3#20
0.12,-0.902021327,-3.058893689,-0.945077893,2560,6730_3#21
0.25,-0.627520797,-2,-0.280372728,2561,6730_3#22
0.5,-0.099635163,-1,0.347362777,2562,6730_3#23
2,3.067678643,1,1.602833788,2563,6730_3#24
0.25,-0.627520797,-2,-0.280372728,2564,6730_3#2
0.5,-0.099635163,-1,0.347362777,2566,6730_3#4
0.12,-0.902021327,-3.058893689,-0.945077893,2568,6730_3#6
0.12,-0.902021327,-3.058893689,-0.945077893,2569,6730_3#7
0.12,-0.902021327,-3.058893689,-0.945077893,2570,6259_6#6
0.25,-0.627520797,-2,-0.280372728,2571,6730_3#8
1,0.956136106,0,0.975098282,2572,6730_3#9
0.12,-0.902021327,-3.058893689,-0.945077893,2576,6641_6#13
0.12,-0.902021327,-3.058893689,-0.945077893,2578,6641_6#15
0.06,-1.028713879,-4.058893689,-1.572813399,2579,6641_6#16
0.12,-0.902021327,-3.058893689,-0.945077893,2580,6641_6#17
1,0.956136106,0,0.975098282,2583,6641_6#19
0.06,-1.028713879,-4.058893689,-1.572813399,2586,6641_6#21
0.03,-1.092060155,-5.058893689,-2.200548904,2587,6641_6#22
0.06,-1.028713879,-4.058893689,-1.572813399,2589,6641_6#24
0.12,-0.902021327,-3.058893689,-0.945077893,2591,6641_6#3
0.12,-0.902021327,-3.058893689,-0.945077893,2593,6641_6#4
1,0.956136106,0,0.975098282,2595,6641_6#6
0.12,-0.902021327,-3.058893689,-0.945077893,2596,6641_6#7
0.12,-0.902021327,-3.058893689,-0.945077893,2598,6641_6#9
1,0.956136106,0,0.975098282,2600,6649_8#11
0.25,-0.627520797,-2,-0.280372728,2603,6259_6#9
0.25,-0.627520797,-2,-0.280372728,2604,6649_8#14
0.06,-1.028713879,-4.058893689,-1.572813399,2606,6649_8#16
0.5,-0.099635163,-1,0.347362777,2609,6649_8#19
0.5,-0.099635163,-1,0.347362777,2610,6649_8#1
0.12,-0.902021327,-3.058893689,-0.945077893,2612,6649_8#21
0.03,-1.092060155,-5.058893689,-2.200548904,2615,6649_8#23
0.12,-0.902021327,-3.058893689,-0.945077893,2617,6649_8#2
0.06,-1.028713879,-4.058893689,-1.572813399,2618,6649_8#3
0.12,-0.902021327,-3.058893689,-0.945077893,2619,6649_8#4
0.5,-0.099635163,-1,0.347362777,2622,6649_8#7
0.12,-0.902021327,-3.058893689,-0.945077893,2623,6649_8#8
1,0.956136106,0,0.975098282,2624,6649_8#9
1,0.956136106,0,0.975098282,2625,6259_7#11
0.06,-1.028713879,-4.058893689,-1.572813399,2626,6664_1#10
0.12,-0.902021327,-3.058893689,-0.945077893,2628,6664_1#12
0.12,-0.902021327,-3.058893689,-0.945077893,2629,6664_1#13
0.12,-0.902021327,-3.058893689,-0.945077893,2630,6664_1#14
0.5,-0.099635163,-1,0.347362777,2631,6664_1#15
0.25,-0.627520797,-2,-0.280372728,2632,6664_1#16
0.25,-0.627520797,-2,-0.280372728,2633,6664_1#17
1,0.956136106,0,0.975098282,2635,6664_1#19
1,0.956136106,0,0.975098282,2639,6664_1#21
1,0.956136106,0,0.975098282,2640,6664_1#22
0.06,-1.028713879,-4.058893689,-1.572813399,2641,6664_1#23
0.5,-0.099635163,-1,0.347362777,2643,6664_1#2
0.5,-0.099635163,-1,0.347362777,2644,6664_1#3
0.12,-0.902021327,-3.058893689,-0.945077893,2645,6664_1#4
0.12,-0.902021327,-3.058893689,-0.945077893,2646,6664_1#5
0.25,-0.627520797,-2,-0.280372728,2649,6664_1#7
0.03,-1.092060155,-5.058893689,-2.200548904,2654,6673_8#12
0.12,-0.902021327,-3.058893689,-0.945077893,2655,6673_8#13
0.06,-1.028713879,-4.058893689,-1.572813399,2658,6259_7#14
0.25,-0.627520797,-2,-0.280372728,2659,6673_8#16
0.06,-1.028713879,-4.058893689,-1.572813399,2660,6673_8#17
0.5,-0.099635163,-1,0.347362777,2662,6673_8#19
1,0.956136106,0,0.975098282,2664,6673_8#20
1,0.956136106,0,0.975098282,2665,6673_8#21
0.25,-0.627520797,-2,-0.280372728,2668,6673_8#24
0.12,-0.902021327,-3.058893689,-0.945077893,2672,6673_8#4
0.5,-0.099635163,-1,0.347362777,2674,6673_8#6
0.5,-0.099635163,-1,0.347362777,2678,6680_8#10
0.5,-0.099635163,-1,0.347362777,2679,6680_8#11
0.06,-1.028713879,-4.058893689,-1.572813399,2680,6259_7#16
0.12,-0.902021327,-3.058893689,-0.945077893,2682,6680_8#13
1,0.956136106,0,0.975098282,2686,6680_8#17
0.06,-1.028713879,-4.058893689,-1.572813399,2687,6680_8#18
0.5,-0.099635163,-1,0.347362777,2689,6680_8#1
0.25,-0.627520797,-2,-0.280372728,2691,6259_7#17
0.12,-0.902021327,-3.058893689,-0.945077893,2692,6680_8#21
1,0.956136106,0,0.975098282,2696,6680_8#2
0.06,-1.028713879,-4.058893689,-1.572813399,2700,6680_8#6
0.5,-0.099635163,-1,0.347362777,2702,6259_7#18
0.12,-0.902021327,-3.058893689,-0.945077893,2705,6714_7#10
0.5,-0.099635163,-1,0.347362777,2706,6714_7#11
1,0.956136106,0,0.975098282,2707,6714_7#12
1,0.956136106,0,0.975098282,2708,6714_7#13
0.12,-0.902021327,-3.058893689,-0.945077893,2709,6714_7#14
1,0.956136106,0,0.975098282,2711,6714_7#16
1,0.956136106,0,0.975098282,2714,6714_7#18
0.06,-1.028713879,-4.058893689,-1.572813399,2715,6714_7#19
0.06,-1.028713879,-4.058893689,-1.572813399,2716,6714_7#1
1,0.956136106,0,0.975098282,2718,6714_7#21
0.12,-0.902021327,-3.058893689,-0.945077893,2722,6714_7#3
0.5,-0.099635163,-1,0.347362777,2723,6259_7#1
0.12,-0.902021327,-3.058893689,-0.945077893,2724,6714_7#4
0.12,-0.902021327,-3.058893689,-0.945077893,2726,6714_7#6
1,0.956136106,0,0.975098282,2729,6714_7#9
0.03,-1.092060155,-5.058893689,-2.200548904,2730,6714_8#10
0.5,-0.099635163,-1,0.347362777,2732,6714_8#12
0.03,-1.092060155,-5.058893689,-2.200548904,2735,6714_8#14
0.12,-0.902021327,-3.058893689,-0.945077893,2736,6714_8#15
0.03,-1.092060155,-5.058893689,-2.200548904,2737,6714_8#16
0.5,-0.099635163,-1,0.347362777,2738,6714_8#17
0.12,-0.902021327,-3.058893689,-0.945077893,2739,6714_8#18
0.03,-1.092060155,-5.058893689,-2.200548904,2740,6714_8#19
0.5,-0.099635163,-1,0.347362777,2744,6714_8#22
0.5,-0.099635163,-1,0.347362777,2746,6714_8#23
1,0.956136106,0,0.975098282,2747,6714_8#24
2,3.067678643,1,1.602833788,2749,6714_8#3
1,0.956136106,0,0.975098282,2750,6714_8#4
0.06,-1.028713879,-4.058893689,-1.572813399,2753,6714_8#7
0.12,-0.902021327,-3.058893689,-0.945077893,2757,6730_4#10
0.12,-0.902021327,-3.058893689,-0.945077893,2758,6730_4#11
0.25,-0.627520797,-2,-0.280372728,2759,6730_4#12
0.12,-0.902021327,-3.058893689,-0.945077893,2761,6730_4#14
0.12,-0.902021327,-3.058893689,-0.945077893,2762,6730_4#15
0.12,-0.902021327,-3.058893689,-0.945077893,2764,6730_4#17
1,0.956136106,0,0.975098282,2765,6730_4#18
0.06,-1.028713879,-4.058893689,-1.572813399,2766,6730_4#19
0.12,-0.902021327,-3.058893689,-0.945077893,2767,6259_7#23
2,3.067678643,1,1.602833788,2768,6730_4#1
0.5,-0.099635163,-1,0.347362777,2770,6730_4#21
1,0.956136106,0,0.975098282,2771,6730_4#22
0.25,-0.627520797,-2,-0.280372728,2772,6730_4#23
1,0.956136106,0,0.975098282,2773,6730_4#24
0.25,-0.627520797,-2,-0.280372728,2774,6730_4#2
2,3.067678643,1,1.602833788,2776,6730_4#4
0.25,-0.627520797,-2,-0.280372728,2777,6730_4#5
0.5,-0.099635163,-1,0.347362777,2778,6259_7#24
0.5,-0.099635163,-1,0.347362777,2780,6730_4#7
0.5,-0.099635163,-1,0.347362777,2786,6730_5#13
0.25,-0.627520797,-2,-0.280372728,2788,6730_5#15
0.03,-1.092060155,-5.058893689,-2.200548904,2790,6730_5#16
1,0.956136106,0,0.975098282,2791,6730_5#17
1,0.956136106,0,0.975098282,2792,6730_5#18
0.5,-0.099635163,-1,0.347362777,2793,6730_5#19
0.03,-1.092060155,-5.058893689,-2.200548904,2794,6730_5#1
0.06,-1.028713879,-4.058893689,-1.572813399,2798,6730_5#23
0.12,-0.902021327,-3.058893689,-0.945077893,2799,6730_5#24
0.5,-0.099635163,-1,0.347362777,2803,6730_5#4
0.12,-0.902021327,-3.058893689,-0.945077893,2808,6730_5#9
0.5,-0.099635163,-1,0.347362777,2810,6730_6#11
0.12,-0.902021327,-3.058893689,-0.945077893,2812,6730_6#12
1,0.956136106,0,0.975098282,2815,6730_6#15
1,0.956136106,0,0.975098282,2816,6730_6#16
1,0.956136106,0,0.975098282,2817,6730_6#17
2,3.067678643,1,1.602833788,2819,6730_6#19
1,0.956136106,0,0.975098282,2820,6730_6#1
0.06,-1.028713879,-4.058893689,-1.572813399,2824,6730_6#22
0.25,-0.627520797,-2,-0.280372728,2825,6730_6#23
0.5,-0.099635163,-1,0.347362777,2826,6730_6#24
0.25,-0.627520797,-2,-0.280372728,2828,6730_6#3
0.12,-0.902021327,-3.058893689,-0.945077893,2830,6730_6#5
1,0.956136106,0,0.975098282,2831,6730_6#6
0.25,-0.627520797,-2,-0.280372728,2832,6730_6#7
0.06,-1.028713879,-4.058893689,-1.572813399,2833,6259_7#6
0.12,-0.902021327,-3.058893689,-0.945077893,2834,6730_6#8
0.06,-1.028713879,-4.058893689,-1.572813399,2835,6730_6#9
0.06,-1.028713879,-4.058893689,-1.572813399,2837,6730_7#11
0.5,-0.099635163,-1,0.347362777,2839,6730_7#13
0.12,-0.902021327,-3.058893689,-0.945077893,2840,6730_7#14
0.25,-0.627520797,-2,-0.280372728,2841,6730_7#15
0.12,-0.902021327,-3.058893689,-0.945077893,2844,6259_7#7
0.5,-0.099635163,-1,0.347362777,2845,6730_7#18
0.12,-0.902021327,-3.058893689,-0.945077893,2846,6730_7#19
0.5,-0.099635163,-1,0.347362777,2849,6730_7#21
0.06,-1.028713879,-4.058893689,-1.572813399,2853,6730_7#2
0.5,-0.099635163,-1,0.347362777,2854,6730_7#3
0.12,-0.902021327,-3.058893689,-0.945077893,2855,6259_7#8
0.25,-0.627520797,-2,-0.280372728,2856,6730_7#4
2,3.067678643,1,1.602833788,2859,6730_7#7
1,0.956136106,0,0.975098282,2860,6730_7#8
1,0.956136106,0,0.975098282,2861,6730_7#9
1,0.956136106,0,0.975098282,2863,6730_8#11
0.12,-0.902021327,-3.058893689,-0.945077893,2864,6730_8#12
0.12,-0.902021327,-3.058893689,-0.945077893,2865,6730_8#13
1,0.956136106,0,0.975098282,2868,6730_8#15
0.03,-1.092060155,-5.058893689,-2.200548904,2869,6730_8#16
0.25,-0.627520797,-2,-0.280372728,2870,6730_8#17
0.5,-0.099635163,-1,0.347362777,2871,6730_8#18
0.5,-0.099635163,-1,0.347362777,2872,6730_8#19
1,0.956136106,0,0.975098282,2873,6730_8#1
0.25,-0.627520797,-2,-0.280372728,2874,6730_8#20
0.25,-0.627520797,-2,-0.280372728,2876,6730_8#22
0.5,-0.099635163,-1,0.347362777,2878,6730_8#23
0.25,-0.627520797,-2,-0.280372728,2887,6730_8#9
1,0.956136106,0,0.975098282,2889,6731_1#10
0.12,-0.902021327,-3.058893689,-0.945077893,2890,6731_1#11
0.5,-0.099635163,-1,0.347362777,2891,6731_1#12
0.12,-0.902021327,-3.058893689,-0.945077893,2892,6731_1#14
0.5,-0.099635163,-1,0.347362777,2893,6731_1#15
1,0.956136106,0,0.975098282,2898,6731_1#1
0.5,-0.099635163,-1,0.347362777,2901,6731_1#23
1,0.956136106,0,0.975098282,2903,6731_1#2
0.5,-0.099635163,-1,0.347362777,2905,6731_1#4
1,0.956136106,0,0.975098282,2907,6259_8#13
0.03,-1.092060155,-5.058893689,-2.200548904,2908,6731_1#6
1,0.956136106,0,0.975098282,2910,6731_1#8
1,0.956136106,0,0.975098282,2911,6731_1#9
0.5,-0.099635163,-1,0.347362777,2912,6731_2#10
1,0.956136106,0,0.975098282,2913,6731_2#11
0.5,-0.099635163,-1,0.347362777,2914,6731_2#12
0.25,-0.627520797,-2,-0.280372728,2915,6731_2#13
0.5,-0.099635163,-1,0.347362777,2916,6731_2#14
0.06,-1.028713879,-4.058893689,-1.572813399,2919,6731_2#16
0.5,-0.099635163,-1,0.347362777,2920,6731_2#17
0.06,-1.028713879,-4.058893689,-1.572813399,2921,6731_2#18
0.25,-0.627520797,-2,-0.280372728,2922,6731_2#19
0.06,-1.028713879,-4.058893689,-1.572813399,2924,6731_2#20
0.5,-0.099635163,-1,0.347362777,2925,6731_2#21
1,0.956136106,0,0.975098282,2928,6731_2#24
0.12,-0.902021327,-3.058893689,-0.945077893,2930,6731_2#2
1,0.956136106,0,0.975098282,2935,6731_2#7
0.5,-0.099635163,-1,0.347362777,2936,6731_2#8
1,0.956136106,0,0.975098282,2937,6731_2#9
0.5,-0.099635163,-1,0.347362777,2939,6731_4#11
0.5,-0.099635163,-1,0.347362777,2940,6259_8#16
1,0.956136106,0,0.975098282,2943,6731_4#15
0.5,-0.099635163,-1,0.347362777,2944,6731_4#16
0.5,-0.099635163,-1,0.347362777,2946,6731_4#18
1,0.956136106,0,0.975098282,2947,6731_4#19
0.12,-0.902021327,-3.058893689,-0.945077893,2949,6731_4#20
1,0.956136106,0,0.975098282,2950,6731_4#21
1,0.956136106,0,0.975098282,2952,6731_4#22
0.12,-0.902021327,-3.058893689,-0.945077893,2953,6731_4#23
0.5,-0.099635163,-1,0.347362777,2954,6731_4#24
0.06,-1.028713879,-4.058893689,-1.572813399,2955,6731_4#2
0.5,-0.099635163,-1,0.347362777,2957,6731_4#4
1,0.956136106,0,0.975098282,2958,6731_4#5
1,0.956136106,0,0.975098282,2961,6731_4#8
1,0.956136106,0,0.975098282,2963,6731_4#9
0.5,-0.099635163,-1,0.347362777,2969,6731_5#15
0.5,-0.099635163,-1,0.347362777,2971,6731_5#17
0.03,-1.092060155,-5.058893689,-2.200548904,2972,6731_5#18
1,0.956136106,0,0.975098282,2977,6731_5#21
0.06,-1.028713879,-4.058893689,-1.572813399,2978,6731_5#22
1,0.956136106,0,0.975098282,2980,6731_5#24
0.5,-0.099635163,-1,0.347362777,2982,6731_5#3
0.25,-0.627520797,-2,-0.280372728,2983,6731_5#4
0.12,-0.902021327,-3.058893689,-0.945077893,2987,6731_5#7
0.25,-0.627520797,-2,-0.280372728,2988,6731_5#8
1,0.956136106,0,0.975098282,2989,6731_5#9
1,0.956136106,0,0.975098282,2990,6731_6#10
0.5,-0.099635163,-1,0.347362777,2992,6731_6#12
0.12,-0.902021327,-3.058893689,-0.945077893,2993,6731_6#13
0.5,-0.099635163,-1,0.347362777,2995,6259_8#20
0.5,-0.099635163,-1,0.347362777,2996,6731_6#15
0.12,-0.902021327,-3.058893689,-0.945077893,2997,6731_6#16
1,0.956136106,0,0.975098282,3000,6731_6#19
0.12,-0.902021327,-3.058893689,-0.945077893,3003,6731_6#21
0.06,-1.028713879,-4.058893689,-1.572813399,3006,6259_8#21
0.12,-0.902021327,-3.058893689,-0.945077893,3008,6731_6#2
0.12,-0.902021327,-3.058893689,-0.945077893,3009,6731_6#3
2,3.067678643,1,1.602833788,3013,6731_6#7
0.01,-1.134291006,-6.64385619,-3.195486141,3014,6731_6#8
0.12,-0.902021327,-3.058893689,-0.945077893,3017,6259_8#22
0.06,-1.028713879,-4.058893689,-1.572813399,3018,6649_7#11
0.5,-0.099635163,-1,0.347362777,3019,6649_7#12
0.12,-0.902021327,-3.058893689,-0.945077893,3021,6649_7#14
0.03,-1.092060155,-5.058893689,-2.200548904,3024,6649_7#17
0.12,-0.902021327,-3.058893689,-0.945077893,3026,6649_7#19
0.06,-1.028713879,-4.058893689,-1.572813399,3028,6259_8#23
0.25,-0.627520797,-2,-0.280372728,3030,6649_7#21
0.25,-0.627520797,-2,-0.280372728,3031,6649_7#22
0.06,-1.028713879,-4.058893689,-1.572813399,3032,6649_7#23
1,0.956136106,0,0.975098282,3033,6649_7#24
0.12,-0.902021327,-3.058893689,-0.945077893,3041,6649_7#8
0.5,-0.099635163,-1,0.347362777,3042,6649_7#9
0.5,-0.099635163,-1,0.347362777,3044,6710_6#11
0.06,-1.028713879,-4.058893689,-1.572813399,3045,6710_6#12
0.5,-0.099635163,-1,0.347362777,3046,6710_6#13
0.12,-0.902021327,-3.058893689,-0.945077893,3047,6710_6#14
1,0.956136106,0,0.975098282,3050,6259_8#2
